Date,Time,PigName,With/To,Behavior,Behavior.cat,Location,Notes,GPS,Start,Stop,Observer
9/23/22,9:00:42 AM,Thomas,No Value,Grunt,Grunt,,,,1,0,AJ
9/23/22,9:01:05 AM,Thomas,No Value,Travel,Activity,,,,0,0,AJ
9/23/22,9:01:31 AM,Thomas,No Value,Poop,Poop,,,,0,0,AJ
9/23/22,9:01:57 AM,Thomas,No Value,Pee,Pee,,,,0,0,AJ
9/23/22,9:02:41 AM,Thomas,No Value,Wag.tail,Wag.tail,,,,0,0,AJ
9/23/22,9:03:37 AM,Thomas,No Value,Travel,Activity,,,,0,0,AJ
9/23/22,9:04:37 AM,Thomas,Georgie,Snout.touch,Pro.social,,,,0,0,AJ
9/23/22,9:05:40 AM,Thomas,No Value,Rest,Rest,,,,0,0,AJ
9/23/22,9:06:58 AM,Georgie,No Value,Nudge.ground,Activity,,,,1,0,AJ
9/23/22,9:07:12 AM,Georgie,No Value,Travel,Activity,,,,0,0,AJ
9/23/22,9:07:15,Imogen,No Value,Wag.tail,Wag.tail,"30.015058,-97.307120",,,1,0,NS
9/23/22,9:07:23 AM,Georgie,No Value,Drink,Drink,,,,0,0,AJ
9/23/22,9:07:33,Imogen,No Value,Nudge.ground,Activity,"30.015058,-97.307120",,,0,0,NS
9/23/22,9:07:45,Imogen,No Value,Rest,Rest,"30.014723,-97.307470",Laying in straw pile,,0,0,NS
9/23/22,9:07:52 AM,Georgie,No Value,Travel,Activity,,,,0,0,AJ
9/23/22,9:08:42 AM,Georgie,Dora,Rest.proxim,Pro.social,,,,0,0,AJ
9/23/22,9:12:09 AM,Georgie,Atlas,Rest.proxim,Pro.social,,,,0,0,AJ
9/23/22,9:12:18,Imogen,No Value,Rest,Rest,"30.018278,-97.307556",,,0,1,NS
9/23/22,9:12:22 AM,Georgie,Bates,Rest.proxim,Pro.social,,,,0,1,AJ
9/23/22,9:12:41,Horatio,No Value,Nudge.ground,Activity,"30.015058,-97.307120",,,1,0,NS
9/23/22,9:14:06,Horatio,No Value,Wag.tail,Wag.tail,"30.016559,-97.307477",,,0,0,NS
9/23/22,9:14:22 AM,Rebel,No Value,Nudge.ground,Activity,,,,1,0,AJ
9/23/22,9:14:30,Horatio,No Value,Travel,Activity,"30.014770,-97.307433",,,0,0,NS
9/23/22,9:14:33 AM,Rebel,Eleanor,Nudge.ground,Activity,,,,0,0,AJ
9/23/22,9:14:45,Horatio,No Value,Travel,Activity,"30.014749,-97.307497",Going off path in woods,,0,0,NS
9/23/22,9:15:10,Horatio,Unknown,Sniff.consp,Pro.social,"30.014716,-97.307459",,,0,0,NS
9/23/22,9:15:29,Horatio,No Value,Nudge.ground,Activity,"30.014707,-97.307488",,,0,0,NS
9/23/22,9:15:38,Horatio,No Value,Wag.tail,Wag.tail,"30.014759,-97.307524",,,0,0,NS
9/23/22,9:16:26,Horatio,Other,Wag.tail,Wag.tail,"30.014761,-97.307535",Wagging tail and standing still. Next to Mercutio and Falstaff,,0,0,NS
9/23/22,9:17:22,Horatio,Other,Rest,Rest,"30.015058,-97.307120",Lay next to Mercutio and Falstaff,,0,0,NS
9/23/22,9:19:52,Eleanor,Other,Nudge.ground,Activity,"30.018012,-97.307555",Eat dirt with Jordan,,1,0,NS
9/23/22,9:21:05 AM,Atlas,Bates,Rest.proxim,Pro.social,,,,1,0,AJ
9/23/22,9:21:23,Eleanor,Other,Nudge.ground,Activity,"30.018009,-97.307546",Starts digging in the ground with snout and eating mud next to Jordan,,0,0,NS
9/23/22,9:21:34 AM,Atlas,Dora,Rest.proxim,Pro.social,,,,0,0,AJ
9/23/22,9:21:46 AM,Atlas,Georgie,Rest.proxim,Pro.social,,,,0,0,AJ
9/23/22,9:23:38,Eleanor,Unknown,Attempt.disp,G.agg,"30.015058,-97.307120",Displace marbled pig with tusks (pic),,0,0,NS
9/23/22,9:24:25,Eleanor,Other,Nudge.ground,Activity,"30.015058,-97.307120","Eat dirt
With Jordan",,0,0,NS
9/23/22,9:25:34,Eleanor,No Value,Nudge.ground,Activity,"30.015058,-97.307120",,,0,1,NS
9/23/22,9:26:28 AM,Bates,Atlas,Rest.proxim,Pro.social,,,,1,0,AJ
9/23/22,9:26:39 AM,Bates,Dora,Rest.proxim,Pro.social,,,,0,0,AJ
9/23/22,9:26:50 AM,Bates,Georgie,Rest.proxim,Pro.social,,,,0,0,AJ
9/23/22,9:29:39,Thomas,No Value,Rest,Rest,"30.018330,-97.307561",,,1,0,NS
9/23/22,9:30:13 AM,Bates,No Value,Grunt,Grunt,,,,0,0,AJ
9/23/22,9:31:29,Thomas,No Value,Other,Other,"30.014706,-97.307584",Wakes up,,0,0,NS
9/23/22,9:31:38 AM,Dora,Bates,Rest.proxim,Pro.social,,,,1,0,AJ
9/23/22,9:31:41,Thomas,No Value,Rest,Rest,"30.014896,-97.307515",Resting again,,0,0,NS
9/23/22,9:32:06 AM,Dora,Georgie,Rest.proxim,Pro.social,,,,0,0,AJ
9/23/22,9:32:20 AM,Dora,Atlas,Rest.proxim,Pro.social,,,,0,0,AJ
9/23/22,9:35:04,Thomas,No Value,Rest,Rest,"30.016607,-97.307477",Still resting,,0,1,NS
9/23/22,9:35:44,Rebel,Defiance,Sniff.consp,Pro.social,"30.015058,-97.307120",With Defiance,,1,0,NS
9/23/22,9:38:23,Rebel,Defiance,Rest.proxim,Pro.social,"30.015058,-97.307120",Sleep next to Defiance,,0,0,NS
9/23/22,9:41:12,Rebel,No Value,Rest,Rest,"30.014936,-97.307512",,,0,1,NS
9/23/22,9:42:20,Atlas,No Value,Sniff.obj,Activity,"30.015500,-97.307511",Dinner table,,1,0,NS
9/23/22,9:43:17 AM,Imogen,No Value,Nudge.ground,Activity,,,,1,0,AJ
9/23/22,9:43:21,Atlas,No Value,Nudge.ground,Activity,"30.015058,-97.307120",,,0,0,NS
9/23/22,9:43:37 AM,Imogen,No Value,Travel,Activity,,,,0,0,AJ
9/23/22,9:44:01 AM,Imogen,No Value,Pee,Pee,,,,0,0,AJ
9/23/22,9:44:09 AM,Imogen,No Value,Get.disp,R.agg,,displaced by pig not in study see photo,,0,0,AJ
9/23/22,9:44:46 AM,Imogen,No Value,Rest,Rest,,resting by herself in  the trees,,0,0,AJ
9/23/22,9:44:57,Atlas,No Value,Nudge.ground,Activity,"30.017477,-97.307537",Dirt,,0,0,NS
9/23/22,9:45:59 AM,Imogen,No Value,Wag.tail,Wag.tail,,,,0,0,AJ
9/23/22,9:46:34 AM,Imogen,No Value,Nudge.ground,Activity,,,,0,0,AJ
9/23/22,9:46:46 AM,Imogen,No Value,Travel,Activity,,,,0,0,AJ
9/23/22,9:46:49,Atlas,No Value,Nudge.ground,Activity,"30.014799,-97.307427",,,0,1,NS
9/23/22,9:46:54 AM,Imogen,No Value,Travel,Activity,,avoided the pig who displced her,,0,0,AJ
9/23/22,9:47:49 AM,Imogen,No Value,Rest,Rest,,,,0,0,AJ
9/23/22,9:50:39 AM,Rebel,No Value,Pee,Pee,,,,0,0,AJ
9/23/22,9:50:57 AM,Rebel,No Value,Nudge.ground,Activity,,,,0,0,AJ
9/23/22,9:51:29 AM,Rebel,No Value,Travel,Activity,,,,0,0,AJ
9/23/22,9:51:54 AM,Rebel,No Value,Nudge.ground,Activity,,,,0,0,AJ
9/23/22,9:54:23 AM,Rebel,No Value,Wag.tail,Wag.tail,,,,0,0,AJ
9/23/22,10:00:06 AM,Eleanor,No Value,Rest,Rest,,,,1,0,AJ
9/23/22,10:02:23 AM,Eleanor,No Value,Wag.tail,Wag.tail,,,,0,0,AJ
9/23/22,10:02:30,Georgie,Bates Champion,Rest.proxim,Pro.social,"30.014979,-97.307469",With Bates and Champion,,1,0,NS
9/23/22,10:04:47 AM,Eleanor,No Value,Rest,Rest,,,,0,1,AJ
9/23/22,10:05:05 AM,Horatio,No Value,Rest.proxim,Pro.social,,oreo pig not in study,,1,0,AJ
9/23/22,10:07:31,Georgie,Bates Champion,Rest.proxim,Pro.social,"30.018160,-97.307551",With Bates and Champion,,0,1,NS
9/23/22,10:10:10 AM,Horatio,No Value,Rest,Rest,,,,0,1,AJ
9/23/22,10:10:39,Dora,Dora,Rest.proxim,Pro.social,"30.016924,-97.307529",With Dora and gray pig,,1,0,NS
9/23/22,10:16:20,Dora,No Value,Rest.proxim,Pro.social,"30.015147,-97.307393",Still resting,,0,1,NS
9/23/22,10:17:20 AM,Bates,No Value,Rest,Rest,,,,1,0,AJ
9/23/22,10:18:55 AM,Bates,No Value,Travel,Activity,,,,0,0,AJ
9/23/22,10:19:05 AM,Bates,No Value,Other,Other,,went to lay with another pig under the barn,,0,0,AJ
9/23/22,10:22:02 AM,Bates,No Value,Grunt,Grunt,,,,0,0,AJ
9/23/22,10:22:26 AM,Bates,No Value,Rest,Rest,,,,0,1,AJ
9/23/22,10:30:38 AM,Loretta,George,Rest.proxim,Pro.social,,,,1,0,AJ
9/23/22,10:30:39,George,Loretta,Rest.proxim,Pro.social,"30.018307,-97.307565",,,1,0,NS
9/23/22,10:35:30 AM,Loretta,George,Rest.proxim,Pro.social,,,,0,1,AJ
9/23/22,10:35:41,George,Loretta,Rest.proxim,Pro.social,"30.014989,-97.306173",,,0,1,NS
9/23/22,10:36:01,Loretta,George,Rest.proxim,Pro.social,"30.015016,-97.306122",,,1,0,NS
9/23/22,10:36:11 AM,George,Loretta,Rest.proxim,Pro.social,,,,1,0,AJ
9/23/22,10:41:44 AM,George,Loretta,Rest.proxim,Pro.social,,,,0,1,AJ
9/23/22,10:41:46,Loretta,George,Rest.proxim,Pro.social,"30.016983,-97.306950",,,0,1,NS
9/23/22,10:43:10,Pixie,No Value,Follow,Pro.social,"30.016022,-97.306782",Follow AJ,,1,0,NS
9/23/22,10:43:41 AM,Hank,Willie,Rest.proxim,Pro.social,,,,1,0,AJ
9/23/22,10:43:43,Pixie,No Value,Pee,Pee,"30.015094,-97.306330",,,0,0,NS
9/23/22,10:44:04,Pixie,No Value,Sniff.obj,Activity,"30.015101,-97.306280",Branch,,0,0,NS
9/23/22,10:44:21 AM,Hank,No Value,Yawn.not.contaig,Anxious,,,,0,0,AJ
9/23/22,10:44:33 AM,Hank,No Value,Travel,Activity,,,,0,0,AJ
9/23/22,10:44:34,Pixie,No Value,Nudge.ground,Activity,"30.015091,-97.306365",Branch,,0,0,NS
9/23/22,10:45:15 AM,Hank,No Value,Pee,Pee,,,,0,0,AJ
9/23/22,10:45:24,Pixie,No Value,Other,Other,"30.015137,-97.306315",Rub head on branch,,0,0,NS
9/23/22,10:45:52,Pixie,No Value,Travel,Activity,"30.015194,-97.306340",Walk to water hole,,0,0,NS
9/23/22,10:46:16,Pixie,No Value,Other,Other,"30.015148,-97.306378",Stick nose in water,,0,0,NS
9/23/22,10:46:23 AM,Hank,Willie,Snout.touch,Pro.social,,,,0,0,AJ
9/23/22,10:46:28,Pixie,No Value,Rest,Rest,"30.015033,-97.306562",Laying in water,,0,0,NS
9/23/22,10:46:36 AM,Hank,Dahlia,Attempt.disp,G.agg,,grunting with dahlia. she moved out of his way,,0,0,AJ
9/23/22,10:47:07,Pixie,No Value,Other,Other,"30.015135,-97.306533",Get out of watering hole,,0,0,NS
9/23/22,10:47:26,Pixie,No Value,Other,Other,"30.015005,-97.306485",Watch volunteer on buggy,,0,0,NS
9/23/22,10:47:52,Pixie,No Value,Grunt,Grunt,"30.015039,-97.306513",,,0,1,NS
9/23/22,10:48:47,Dahlia,No Value,Other,Other,"30.015108,-97.306541",Rub body on tree,,1,0,NS
9/23/22,10:49:02 AM,Hank,No Value,Drink,Drink,,,,0,1,AJ
9/23/22,10:49:19 AM,Pixie,No Value,Nudge.ground,Activity,,,,1,0,AJ
9/23/22,10:49:33,Dahlia,No Value,Other,Other,"30.015438,-97.306781",Rubbing face against tree,,0,0,NS
9/23/22,10:50:38,Dahlia,No Value,Nudge.ground,Activity,"30.015052,-97.306551",Around dinner table,,0,0,NS
9/23/22,10:51:04,Dahlia,No Value,Nudge.ground,Activity,"30.015000,-97.306541",Eat hay off dinner table,,0,0,NS
9/23/22,10:51:55,Dahlia,No Value,Other,Other,"30.015009,-97.306546",Step on dinner table,,0,0,NS
9/23/22,10:52:21,Dahlia,No Value,Travel,Activity,"30.015030,-97.306574",,,0,0,NS
9/23/22,10:52:30,Dahlia,No Value,Other,Other,"30.015002,-97.306567",Look outside of fence,,0,0,NS
9/23/22,10:52:52,Dahlia,Raymond,Grunt,Grunt,"30.015045,-97.306574",,,0,0,NS
9/23/22,10:53:30 AM,Pixie,Molly,Nudge.ground,Activity,,,,0,1,AJ
9/23/22,10:53:43 AM,Raymond,No Value,Other,Other,,scratching on a tree,,1,0,AJ
9/23/22,10:53:44,Dahlia,Pixie,Nudge.ground,Activity,"30.015003,-97.306525",Eat hay off dinner table next to Pixie,,0,0,NS
9/23/22,10:54:10 AM,Raymond,No Value,Nudge.ground,Activity,,,,0,0,AJ
9/23/22,10:54:36,Hank,No Value,Rest,Rest,"30.015034,-97.306552",In water,,1,0,NS
9/23/22,10:55:03,Hank,No Value,Grunt,Grunt,"30.015366,-97.306537",Still laying in water,,0,0,NS
9/23/22,10:55:17 AM,Raymond,No Value,Wag.tail,Wag.tail,,,,0,0,AJ
9/23/22,10:55:39,Hank,No Value,Other,Other,"30.015236,-97.306505",Fart,,0,0,NS
9/23/22,10:55:57 AM,Raymond,No Value,Travel,Activity,,,,0,0,AJ
9/23/22,10:56:02,Hank,No Value,Grunt,Grunt,"30.015329,-97.306491",,,0,0,NS
9/23/22,10:56:35,Hank,No Value,Other,Other,"30.015089,-97.306512",Stick nose in water,,0,0,NS
9/23/22,10:56:40 AM,Raymond,No Value,Nudge.ground,Activity,,Grass,,0,0,AJ
9/23/22,10:58:00 AM,Raymond,No Value,Grunt,Grunt,,,,0,0,AJ
9/23/22,10:58:23,Hank,No Value,Wag.tail,Wag.tail,"30.012596,-97.304971",Wag tail in water and splash water,,0,0,NS
9/23/22,10:59:38,Hank,No Value,Rest,Rest,"30.015372,-97.306651",,,0,1,NS
9/23/22,10:59:40 AM,Dahlia,No Value,Nudge.ground,Activity,,,,1,0,AJ
9/23/22,11:00:28 AM,Dahlia,No Value,Other,Other,,nudging the dinner table with snout,,0,0,AJ
9/23/22,11:00:33,Raymond,No Value,Nudge.ground,Activity,"30.015109,-97.306403",,,1,0,NS
9/23/22,11:01:06,Raymond,Willie,Rest.proxim,Pro.social,"30.015160,-97.306295",,,0,0,NS
9/23/22,11:01:08 AM,Dahlia,No Value,Nudge.ground,Activity,,,,0,0,AJ
9/23/22,11:03:24,Raymond,Kitty,Grunt,Grunt,"30.015055,-97.306238",Grunt as Kitty approach,,0,0,NS
9/23/22,11:05:25 AM,Dahlia,No Value,Nudge.ground,Activity,,,,0,1,AJ
9/23/22,11:05:47,Kitty,No Value,Sniff.obj,Activity,"30.015041,-97.306305",Dirt,,1,0,NS
9/23/22,11:06:31 AM,Willie,Raymond,Rest.proxim,Pro.social,,,,1,0,AJ
9/23/22,11:07:24,Kitty,No Value,Grunt,Grunt,"30.016648,-97.306863",,,0,0,NS
9/23/22,11:07:36,Kitty,Raymond,Attempt.disp,G.agg,"30.015011,-97.306240",,,0,0,NS
9/23/22,11:07:54,Kitty,No Value,Nudge.ground,Activity,"30.015026,-97.306252",,,0,0,NS
9/23/22,11:08:30,Kitty,No Value,Grunt,Grunt,"30.015049,-97.306249",Grunting while laying in dirt,,0,0,NS
9/23/22,11:08:48,Kitty,No Value,Rest,Rest,"30.015076,-97.306172",Willy and Raymond resting together approx 2 m away,,0,0,NS
9/23/22,11:11:51 AM,Willie,Raymond,Rest,Rest,,,,0,1,AJ
9/23/22,11:12:02 AM,Kitty,No Value,Rest,Rest,,,,1,0,AJ
9/23/22,11:13:04,Molly,No Value,Nudge.ground,Activity,"30.017515,-97.307243",,,1,0,NS
9/23/22,11:13:33,Molly,No Value,Wag.tail,Wag.tail,"30.014857,-97.306438",Wags tail side to side while rooting,,0,0,NS
9/23/22,11:13:59,Molly,No Value,Nudge.ground,Activity,"30.014821,-97.306385",,,0,0,NS
9/23/22,11:15:13,Molly,No Value,Other,Other,"30.015367,-97.306312",Rubbing face against branches and snapping them,,0,0,NS
9/23/22,11:15:49,Molly,No Value,Wag.tail,Wag.tail,"30.014733,-97.306332",,,0,0,NS
9/23/22,11:17:08,Molly,No Value,Nudge.ground,Activity,"30.014928,-97.306281",Eat dirt,,0,0,NS
9/23/22,11:17:18 AM,Kitty,No Value,Rest,Rest,,,,0,1,AJ
9/23/22,11:17:45,Molly,No Value,Drink,Drink,"30.014793,-97.306371",From watering hole,,0,1,NS
9/23/22,11:19:03,Willie,Raymond,Rest.proxim,Pro.social,"30.014947,-97.306390",Resting with Raymond. Kitty about 2m away,,1,0,NS
9/23/22,11:19:34 AM,Molly,No Value,Other,Other,,rolling in water/mud puddle,,1,0,AJ
9/23/22,11:20:49 AM,Molly,No Value,Rest,Rest,,in a puddle,,0,0,AJ
9/23/22,11:22:26 AM,Molly,No Value,Grunt,Grunt,,,,0,0,AJ
9/23/22,11:22:45 AM,Molly,Pixie,Get.disp,R.agg,,stood up and left when pixie came in to puddle,,0,0,AJ
9/23/22,11:23:36 AM,Molly,No Value,Travel,Activity,,,,0,0,AJ
9/23/22,11:24:06,Willie,Raymond,Rest.proxim,Pro.social,"30.018283,-97.307556",,,0,1,NS
9/23/22,11:24:53 AM,Molly,No Value,Other,Other,,scratching belly on dinner table,,0,0,AJ
9/23/22,11:25:16 AM,Molly,Pixie,Grunt,Grunt,,,,0,1,AJ
9/23/22,11:31:43,Bates,No Value,Nudge.ground,Activity,"30.014782,-97.307387",,,1,0,NS
9/23/22,11:34:54,Bates,Vivian,Get.disp,R.agg,"30.018187,-97.307551",Vivian tired to bite Batesâ€™s tail but Bates moved away,,0,0,NS
9/23/22,11:35:52,Bates,Other,Other,Other,"30.016531,-97.307444",Tail bite Edith? (pic),,0,0,NS
9/23/22,11:36:27 AM,Wilbur,No Value,Nudge.ground,Activity,,,,1,0,AJ
9/23/22,11:36:35,Bates,No Value,Nudge.ground,Activity,"30.015058,-97.307120",,,0,1,NS
9/23/22,11:37:14 AM,Wilbur,No Value,Wag.tail,Wag.tail,,,,0,0,AJ
9/23/22,11:39:38,Bianca,No Value,Nudge.ground,Activity,"30.015672,-97.307476",,,1,0,NS
9/23/22,11:41:54 AM,Wilbur,No Value,Nudge.ground,Activity,,,,0,1,AJ
9/23/22,11:42:29,Bianca,Daley,Other,Other,"30.018091,-97.307541",Snapped at by Daley,,0,0,NS
9/23/22,11:44:47,Bianca,No Value,Nudge.ground,Activity,"30.015058,-97.307120",,,0,1,NS
9/23/22,11:45:03,Wilbur,No Value,Nudge.ground,Activity,"30.014902,-97.307353",,,1,0,NS
9/23/22,11:45:05 AM,Bianca,No Value,Nudge.ground,Activity,,,,1,0,AJ
9/23/22,11:45:16 AM,Bianca,No Value,Wag.tail,Wag.tail,,,,0,0,AJ
9/23/22,11:46:42 AM,Bianca,No Value,Travel,Activity,,,,0,0,AJ
9/23/22,11:46:56,Wilbur,No Value,Nudge.ground,Activity,"30.016585,-97.307479",Eat pellets and dirt,,0,0,NS
9/23/22,11:47:11 AM,Bianca,No Value,Poop,Poop,,,,0,0,AJ
9/23/22,11:47:30 AM,Bianca,No Value,Travel,Activity,,,,0,0,AJ
9/23/22,11:48:10 AM,Bianca,No Value,Other,Other,,got in water puddle,,0,0,AJ
9/23/22,11:48:33 AM,Bianca,No Value,Drink,Drink,,,,0,0,AJ
9/23/22,11:49:16,Wilbur,Mercutio,Grunt,Grunt,"30.004645,-97.300148",Grunt as Mercutio approaches,,0,0,NS
9/23/22,11:50:04 AM,Bianca,No Value,Rest,Rest,,in water,,0,1,AJ
9/23/22,11:50:14,Wilbur,No Value,Nudge.ground,Activity,"30.016527,-97.307509",,,0,0,NS
9/23/22,11:50:24,Wilbur,No Value,Rest,Rest,"30.014947,-97.307404",Lay down,,0,1,NS
9/30/22,9:29:15,Atlas,No Value,Grunt,Grunt,"30.014934,-97.307460",,,1,0,NS
9/30/22,9:29:21 AM,Georgie,No Value,Grunt,Grunt,,,,1,0,AJ
9/30/22,9:29:45 AM,Georgie,No Value,Yawn.not.contaig,Anxious,,,,0,0,AJ
9/30/22,9:29:47,Atlas,No Value,Nudge.ground,Activity,"30.014933,-97.307449",,,0,0,NS
9/30/22,9:30:30 AM,Georgie,No Value,Travel,Activity,,,,0,0,AJ
9/30/22,9:30:45,Atlas,No Value,Nudge.ground,Activity,"30.015069,-97.307448",Dirt,,0,0,NS
9/30/22,9:31:48 AM,Georgie,No Value,Rest,Rest,,,,0,0,AJ
9/30/22,9:31:58,Atlas,Unknown,Get.disp,R.agg,"30.014553,-97.307577",Displaced by black pig with white forehead mark (pic),,0,0,NS
9/30/22,9:32:30,Atlas,No Value,Nudge.ground,Activity,"30.015069,-97.307448",Dirt,,0,0,NS
9/30/22,9:33:14 AM,Georgie,No Value,Grunt,Grunt,,,,0,0,AJ
9/30/22,9:34:16,Atlas,Unknown,Get.disp,R.agg,"30.017490,-97.306175",Pic,,0,0,NS
9/30/22,9:34:23 AM,Georgie,No Value,Rest,Rest,,,,0,1,AJ
9/30/22,9:35:40,Eleanor,No Value,Rest,Rest,"30.015069,-97.307448",,,1,0,NS
9/30/22,9:35:48 AM,Horatio,Unknown,Sniff.consp,Pro.social,,sniffing white pig with black head not in study,,1,0,AJ
9/30/22,9:36:25 AM,Horatio,No Value,Yawn.not.contaig,Anxious,,,,0,0,AJ
9/30/22,9:36:44,Eleanor,Unknown,Other,Other,"30.015069,-97.307448",Licked by unknown pig (vid),,0,0,NS
9/30/22,9:36:48 AM,Horatio,No Value,Wag.tail,Wag.tail,,,,0,0,AJ
9/30/22,9:36:57 AM,Horatio,No Value,Snout.touch,Pro.social,,all black pig not in study,,0,0,AJ
9/30/22,9:38:00,Eleanor,No Value,Other,Other,"30.015069,-97.307448",Get up,,0,0,NS
9/30/22,9:38:21,Eleanor,No Value,Nudge.ground,Activity,"30.015069,-97.307448",Dirt,,0,0,NS
9/30/22,9:38:52 AM,Horatio,No Value,Travel,Activity,,,,0,0,AJ
9/30/22,9:39:05 AM,Horatio,No Value,Drink,Drink,,,,0,0,AJ
9/30/22,9:40:00 AM,Horatio,No Value,Nudge.ground,Activity,,,,0,0,AJ
9/30/22,9:40:27,Eleanor,No Value,Travel,Activity,"30.015069,-97.307448",,,0,0,NS
9/30/22,9:40:29 AM,Horatio,No Value,Travel,Activity,,,,0,1,AJ
9/30/22,9:41:31 AM,Bates,No Value,Nudge.ground,Activity,,,,1,0,AJ
9/30/22,9:41:35,Thomas,No Value,Nudge.ground,Activity,"30.015069,-97.307448",Dirt,,1,0,NS
9/30/22,9:42:07 AM,Bates,No Value,Wag.tail,Wag.tail,,,,0,0,AJ
9/30/22,9:42:30,Thomas,Unknown,Grunt,Grunt,"30.015069,-97.307448",Approached by Oreo pig with white tail no tusks (pic),,0,0,NS
9/30/22,9:43:02,Thomas,No Value,Nudge.ground,Activity,"30.014891,-97.307408",Dirt,,0,0,NS
9/30/22,9:44:03 AM,Bates,No Value,Wag.tail,Wag.tail,,,,0,0,AJ
9/30/22,9:45:44 AM,Bates,No Value,Travel,Activity,,,,0,0,AJ
9/30/22,9:46:44,Thomas,No Value,Nudge.ground,Activity,"30.015069,-97.307448",Dirt,,0,1,NS
9/30/22,9:46:48 AM,Bates,No Value,Nudge.ground,Activity,,,,0,1,AJ
9/30/22,9:47:19 AM,Thomas,No Value,Nudge.ground,Activity,,,,1,0,AJ
9/30/22,9:48:33 AM,Thomas,No Value,Wag.tail,Wag.tail,,,,0,0,AJ
9/30/22,9:49:05,Georgie,Dora,Rest.proxim,Pro.social,"30.016843,-97.306443",,,1,0,NS
9/30/22,9:51:51,Georgie,Dora,Grunt,Grunt,"30.017832,-97.306012","Grunts as Dora gets up, then go back to resting",,0,0,NS
9/30/22,9:52:58 AM,Thomas,Wilbur,Get.disp,R.agg,,,,0,1,AJ
9/30/22,9:53:19 AM,Atlas,No Value,Nudge.ground,Activity,,,,1,0,AJ
9/30/22,9:54:05,Georgie,Dora,Rest,Rest,"30.017520,-97.306176",,,0,1,NS
9/30/22,9:54:36 AM,Atlas,No Value,Travel,Activity,,,,0,0,AJ
9/30/22,9:55:10,Rebel,No Value,Nudge.ground,Activity,"30.014957,-97.307475",Dirt,,1,0,NS
9/30/22,9:57:48 AM,Atlas,No Value,Poop,Poop,,,,0,0,AJ
9/30/22,9:58:31 AM,Atlas,Bates,Attempt.disp,G.agg,,,,0,1,AJ
9/30/22,9:59:45 AM,Dora,No Value,Rest,Rest,,,,1,0,AJ
9/30/22,10:00:15,Rebel,No Value,Nudge.ground,Activity,"30.017846,-97.306003",Dirt,,0,1,NS
9/30/22,10:01:26,Horatio,No Value,Travel,Activity,"30.014892,-97.307411",,,1,0,NS
9/30/22,10:01:41 AM,Dora,No Value,Nudge.ground,Activity,,,,0,0,AJ
9/30/22,10:02:59,Horatio,Unknown,Nudge.ground,Activity,"30.015069,-97.307448",Eat dirt with unknown black pig with white belly (pic),,0,0,NS
9/30/22,10:03:51,Horatio,No Value,Nudge.ground,Activity,"30.014708,-97.307495",,,0,0,NS
9/30/22,10:04:36,Horatio,Unknown,Rest,Rest,"30.015069,-97.307448",Rest next to same unknown large black pig white belly,,0,0,NS
9/30/22,10:05:04 AM,Dora,No Value,Nudge.ground,Activity,,,,0,1,AJ
9/30/22,10:05:40 AM,Rebel,No Value,Nudge.ground,Activity,,,,1,0,AJ
9/30/22,10:05:52 AM,Rebel,No Value,Wag.tail,Wag.tail,,,,0,0,AJ
9/30/22,10:06:30,Horatio,Unknown,Rest,Rest,"30.017138,-97.306384",,,0,1,NS
9/30/22,10:07:57,Bates,No Value,Nudge.ground,Activity,"30.017117,-97.306359",Hay,,1,0,NS
9/30/22,10:10:45 AM,Rebel,No Value,Nudge.ground,Activity,,,,0,1,AJ
9/30/22,10:11:00,Bates,No Value,Travel,Activity,"30.017246,-97.306263",,,0,0,NS
9/30/22,10:11:13,Bates,No Value,Nudge.ground,Activity,"30.014943,-97.307529",Dirt,,0,0,NS
9/30/22,10:11:36,Bates,No Value,Travel,Activity,"30.015069,-97.307448",,,0,0,NS
9/30/22,10:11:59,Bates,No Value,Wag.tail,Wag.tail,"30.015069,-97.307448",,,0,0,NS
9/30/22,10:12:11,Bates,No Value,Nudge.ground,Activity,"30.014980,-97.307511",Dirt,,0,0,NS
9/30/22,10:12:27,Bates,No Value,Travel,Activity,"30.015069,-97.307448",,,0,0,NS
9/30/22,10:12:55,Bates,No Value,Nudge.ground,Activity,"30.015069,-97.307448",Dirt,,0,1,NS
9/30/22,10:13:42 AM,Imogen,No Value,Wag.tail,Wag.tail,,,,1,0,AJ
9/30/22,10:14:12,Dora,No Value,Nudge.ground,Activity,"30.014891,-97.307433",,,1,0,NS
9/30/22,10:14:20,Dora,No Value,Approach.obs,Pro.social,"30.014897,-97.307419",Approach NS,,0,0,NS
9/30/22,10:14:27 AM,Imogen,No Value,Nudge.ground,Activity,,,,0,0,AJ
9/30/22,10:14:48 AM,Imogen,No Value,Rest,Rest,,,,0,0,AJ
9/30/22,10:14:55,Dora,No Value,Travel,Activity,"30.015069,-97.307448",,,0,0,NS
9/30/22,10:15:12,Dora,No Value,Nudge.ground,Activity,"30.015069,-97.307448",Hay,,0,0,NS
9/30/22,10:15:32,Dora,No Value,Nudge.ground,Activity,"30.015069,-97.307448",Dirt,,0,0,NS
9/30/22,10:15:43,Dora,Wilbur,Other,Other,"30.014867,-97.307364",Bit on face (no wound) by Wilbur? (Pic),,0,0,NS
9/30/22,10:16:44,Dora,No Value,Nudge.ground,Activity,"30.015069,-97.307448",Dirt,,0,0,NS
9/30/22,10:16:54,Dora,Wilbur,Get.disp,R.agg,"30.014939,-97.307407",,,0,0,NS
9/30/22,10:17:19,Dora,No Value,Nudge.ground,Activity,"30.015069,-97.307448",Dirt,,0,0,NS
9/30/22,10:19:01 AM,Imogen,No Value,Rest,Rest,,,,0,1,AJ
9/30/22,10:19:19,Dora,No Value,Nudge.ground,Activity,"30.016156,-97.306852",,,0,1,NS
9/30/22,10:19:45 AM,Wilbur,No Value,Nudge.ground,Activity,,,,1,0,AJ
9/30/22,10:19:58,Imogen,No Value,Rest,Rest,"30.015069,-97.307448",Other pig about 2m away. Gray with white face (pic),,1,0,NS
9/30/22,10:20:40 AM,Wilbur,No Value,Wag.tail,Wag.tail,,,,0,0,AJ
9/30/22,10:22:38 AM,Wilbur,No Value,Travel,Activity,,,,0,0,AJ
9/30/22,10:23:08 AM,Wilbur,No Value,Rest,Rest,,,,0,0,AJ
9/30/22,10:25:09 AM,Wilbur,No Value,Rest,Rest,,,,0,1,AJ
9/30/22,10:25:12,Imogen,No Value,Rest,Rest,"30.017857,-97.305998",,,0,1,NS
9/30/22,10:26:50,Bianca,No Value,Sniff.obj,Activity,"30.016513,-97.306587",Dirt,,0,0,NS
9/30/22,10:29:33,Bianca,No Value,Sniff.obj,Activity,"30.017158,-97.306314",Tree,,0,0,NS
9/30/22,10:29:45,Bianca,No Value,Sniff.obj,Activity,"30.014973,-97.307301",Ground,,0,0,NS
9/30/22,10:30:13,Bianca,No Value,Other,Other,"30.015069,-97.307448",Rub snout on tree branch,,0,0,NS
9/30/22,10:31:08,Bianca,No Value,Travel,Activity,"30.015069,-97.307448",,,0,0,NS
9/30/22,10:31:47,Bianca,No Value,Drink,Drink,"30.015138,-97.307351",,,0,1,NS
9/30/22,10:32:20 AM,Bianca,No Value,Nudge.ground,Activity,,,,1,0,AJ
9/30/22,10:32:37 AM,Bianca,No Value,Grunt,Grunt,,,,0,0,AJ
9/30/22,10:32:47 AM,Bianca,No Value,Travel,Activity,,,,0,0,AJ
9/30/22,10:36:02,Wilbur,No Value,Rest,Rest,"30.017512,-97.305717",,,1,0,NS
9/30/22,10:36:25,Wilbur,No Value,Grunt,Grunt,"30.014880,-97.307424",,,0,0,NS
9/30/22,10:36:35,Wilbur,No Value,Rest,Rest,"30.014831,-97.307364",,,0,0,NS
9/30/22,10:36:38 AM,Bianca,No Value,Sniff.consp,Pro.social,,sniffing an oreo pig not in study,,0,0,AJ
9/30/22,10:37:38 AM,Bianca,No Value,Wag.tail,Wag.tail,,,,0,1,AJ
9/30/22,10:38:32 AM,Eleanor,No Value,Nudge.ground,Activity,,,,1,0,AJ
9/30/22,10:38:58 AM,Eleanor,No Value,Wag.tail,Wag.tail,,,,0,0,AJ
9/30/22,10:39:27 AM,Eleanor,No Value,Drink,Drink,,,,0,0,AJ
9/30/22,10:41:05,Wilbur,No Value,Rest,Rest,"30.016868,-97.306449",,,0,1,NS
9/30/22,10:41:30 AM,Eleanor,No Value,Rest,Rest,,,,0,0,AJ
9/30/22,10:43:51 AM,Eleanor,No Value,Rest,Rest,,,,0,1,AJ
9/30/22,10:51:03,Pixie,Loretta,Nudge.ground,Activity,"30.017871,-97.305992",Eat pellets on dinner table,,1,0,NS
9/30/22,10:51:39 AM,Kitty,Dahlia,Get.disp,R.agg,,,,1,0,AJ
9/30/22,10:52:55 AM,Kitty,Dahlia,Attempt.disp,G.agg,,,,0,0,AJ
9/30/22,10:53:07 AM,Kitty,No Value,Nudge.ground,Activity,,,,0,0,AJ
9/30/22,10:53:11,Pixie,No Value,Nudge.ground,Activity,"30.017222,-97.306082",Eat pellets. Loretta moved away and is eating on ground,,0,0,NS
9/30/22,10:53:24 AM,Kitty,No Value,Wag.tail,Wag.tail,,,,0,0,AJ
9/30/22,10:53:42 AM,Kitty,Dahlia,Nudge.ground,Activity,,,,0,0,AJ
9/30/22,10:54:08 AM,Kitty,Willie,Get.disp,R.agg,,,,0,0,AJ
9/30/22,10:54:22,Pixie,No Value,Drink,Drink,"30.014991,-97.306504",From large water bowl,,0,0,NS
9/30/22,10:54:45 AM,Kitty,No Value,Travel,Activity,,,,0,0,AJ
9/30/22,10:54:47,Pixie,No Value,Sniff.obj,Activity,"30.015072,-97.306510",Dinner table,,0,0,NS
9/30/22,10:55:07,Pixie,No Value,Nudge.ground,Activity,"30.015055,-97.306463",Dirt,,0,0,NS
9/30/22,10:55:43 AM,Kitty,No Value,Nudge.ground,Activity,,,,0,0,AJ
9/30/22,10:56:10,Pixie,No Value,Nudge.ground,Activity,"30.014952,-97.306412",,,0,1,NS
9/30/22,10:56:27 AM,Kitty,No Value,Nudge.ground,Activity,,,,0,1,AJ
9/30/22,10:56:37 AM,Dahlia,No Value,Travel,Activity,,,,1,0,AJ
9/30/22,10:56:39,Loretta,No Value,Nudge.ground,Activity,"30.015045,-97.306475",Dirt,,1,0,NS
9/30/22,10:56:58 AM,Dahlia,No Value,Nudge.ground,Activity,,,,0,0,AJ
9/30/22,10:57:53,Loretta,No Value,Sniff.obj,Activity,"30.015086,-97.306513",Ground,,0,0,NS
9/30/22,10:58:00 AM,Dahlia,Pixie,Attempt.disp,G.agg,,,,0,0,AJ
9/30/22,10:58:16,Loretta,Willie,Get.disp,R.agg,"30.015078,-97.306456",,,0,0,NS
9/30/22,10:58:26,Loretta,No Value,Nudge.ground,Activity,"30.015038,-97.306557",Push dinner table,,0,0,NS
9/30/22,10:58:33 AM,Dahlia,No Value,Nudge.ground,Activity,,,,0,0,AJ
9/30/22,10:59:21,Loretta,Kitty,Nudge.ground,Activity,"30.015019,-97.306538",Hay,,0,0,NS
9/30/22,10:59:38,Loretta,No Value,Nudge.ground,Activity,"30.015013,-97.306531",Dirt,,0,0,NS
9/30/22,11:00:00,Loretta,No Value,Nudge.ground,Activity,"30.015035,-97.306524",Push dinner table,,0,0,NS
9/30/22,11:00:31,Loretta,No Value,Nudge.ground,Activity,"30.015032,-97.306513",Push dinner table,,0,0,NS
9/30/22,11:01:26,Loretta,No Value,Nudge.ground,Activity,"30.015023,-97.306573",Pellets off of dinner table,,0,1,NS
9/30/22,11:01:44 AM,Dahlia,No Value,Nudge.ground,Activity,,,,0,1,AJ
9/30/22,11:01:50,Willie,"Pixie, Dahlia, Kitty",Nudge.ground,Activity,"30.015025,-97.306570","Dirt
Pixie, Dahlia, and Kitty within 2 m",,1,0,NS
9/30/22,11:01:57 AM,Pixie,Dahlia,Grunt,Grunt,,,,1,0,AJ
9/30/22,11:02:24 AM,Pixie,No Value,Drink,Drink,,,,0,0,AJ
9/30/22,11:03:04 AM,Pixie,Willie,Nudge.ground,Activity,,,,0,0,AJ
9/30/22,11:03:42 AM,Pixie,No Value,Travel,Activity,,,,0,0,AJ
9/30/22,11:03:45,Willie,No Value,Nudge.ground,Activity,"30.015048,-97.306499",Hay,,0,0,NS
9/30/22,11:03:52 AM,Pixie,Kitty,Nudge.ground,Activity,,,,0,0,AJ
9/30/22,11:04:28,Willie,No Value,Travel,Activity,"30.015036,-97.306527",,,0,0,NS
9/30/22,11:05:03,Willie,No Value,Approach.obs,Pro.social,"30.014926,-97.306655",Approach AJ,,0,0,NS
9/30/22,11:05:36,Willie,No Value,Nudge.ground,Activity,"30.015056,-97.306545",Hay,,0,0,NS
9/30/22,11:05:53 AM,Pixie,Willie,Get.disp,R.agg,,,,0,0,AJ
9/30/22,11:06:14,Willie,Pixie,Attempt.disp,G.agg,"30.015067,-97.306537",Displaces Pixie,,0,0,NS
9/30/22,11:06:38,Willie,No Value,Nudge.ground,Activity,"30.014977,-97.306517",Hay and dirt,,0,1,NS
9/30/22,11:07:02 AM,Pixie,No Value,Nudge.ground,Activity,,,,0,1,AJ
9/30/22,11:07:15 AM,Loretta,No Value,Nudge.ground,Activity,,,,1,0,AJ
9/30/22,11:07:17,Dahlia,No Value,Nudge.ground,Activity,"30.015004,-97.306523",Dirt,,1,0,NS
9/30/22,11:07:37,Dahlia,No Value,Travel,Activity,"30.015124,-97.306508",,,0,0,NS
9/30/22,11:07:51,Dahlia,Pixie,Nudge.ground,Activity,"30.015084,-97.306518",Eat hay next to Pixie,,0,0,NS
9/30/22,11:08:47,Dahlia,Kitty,Nudge.ground,Activity,"30.015078,-97.306553",,,0,0,NS
9/30/22,11:10:37,Dahlia,No Value,Approach.obs,Pro.social,"30.014988,-97.306487",Approach NS,,0,0,NS
9/30/22,11:11:12,Dahlia,No Value,Nudge.ground,Activity,"30.014934,-97.306718",Dirt,,0,0,NS
9/30/22,11:12:11 AM,Loretta,No Value,Other,Other,,lifting dinner table with snout,,0,1,AJ
9/30/22,11:12:20,Dahlia,No Value,Nudge.ground,Activity,"30.014986,-97.306543",Dirt,,0,1,NS
9/30/22,11:12:41,Kitty,No Value,Nudge.ground,Activity,"30.014959,-97.306588",Dirt,,0,0,NS
9/30/22,11:13:13 AM,Raymond,No Value,Rest,Rest,,near mud puddle,,1,0,AJ
9/30/22,11:17:44,Kitty,No Value,Nudge.ground,Activity,"30.015136,-97.306330",,,0,1,NS
9/30/22,11:17:49 AM,Raymond,No Value,Other,Other,,got up,,0,0,AJ
9/30/22,11:18:13 AM,Raymond,No Value,Wag.tail,Wag.tail,,,,0,0,AJ
9/30/22,11:18:22 AM,Raymond,No Value,Travel,Activity,,,,0,0,AJ
9/30/22,11:18:33,George,Molly,Rest.proxim,Pro.social,"30.015036,-97.306531",,,0,0,NS
9/30/22,11:18:34 AM,Raymond,No Value,Drink,Drink,,,,0,1,AJ
9/30/22,11:19:37 AM,Molly,George,Rest.proxim,Pro.social,,,,1,0,AJ
9/30/22,11:23:30,George,Molly,Rest.proxim,Pro.social,"30.017776,-97.305970",,,0,1,NS
9/30/22,11:24:40 AM,Molly,George,Rest.proxim,Pro.social,,,,0,1,AJ
9/30/22,11:25:00 AM,George,Molly,Rest.proxim,Pro.social,,,,1,0,AJ
9/30/22,11:25:14 AM,George,No Value,Grunt,Grunt,,,,0,0,AJ
9/30/22,11:27:05,Raymond,No Value,Nudge.ground,Activity,"30.004003,-97.298480",,,0,0,NS
9/30/22,11:27:41,Raymond,"Molly, George",Rest.proxim,Pro.social,"30.015056,-97.306291",Next to Molly and George,,0,0,NS
9/30/22,11:30:07 AM,George,"Molly, George",Rest.proxim,Pro.social,,,,0,1,AJ
9/30/22,11:32:12,Raymond,No Value,Rest.proxim,Pro.social,"30.015038,-97.306252",Same,,0,1,NS
9/30/22,11:32:46 AM,Willie,Hank,Rest.proxim,Pro.social,,,,1,0,AJ
9/30/22,11:33:07,Molly,"George, Raymond",Rest.proxim,Pro.social,"30.015095,-97.306243",With George and Raymond,,1,0,NS
9/30/22,11:36:15,Molly,No Value,Other,Other,"30.017700,-97.306007",Stand up,,0,0,NS
9/30/22,11:37:01,Molly,"George, Raymond",Rest.proxim,Pro.social,"30.015060,-97.306199",Lays back down,,0,0,NS
9/30/22,11:37:35,Molly,"George, Raymond",Rest.proxim,Pro.social,"30.015026,-97.306270",,,0,1,NS
9/30/22,11:37:59 AM,Willie,Hank,Rest.proxim,Pro.social,,,,0,1,AJ
9/30/22,11:38:09 AM,Hank,Willie,Rest.proxim,Pro.social,,,,1,0,AJ
9/30/22,11:43:26 AM,Hank,Willie,Rest.proxim,Pro.social,,,,0,1,AJ
9/30/22,11:43:28,Hank,Willie,Rest.proxim,Pro.social,"30.017648,-97.306016",,,1,0,NS
9/30/22,11:45:59,Hank,No Value,Grunt,Grunt,"30.017567,-97.305999",,,0,0,NS
9/30/22,11:46:08,Hank,Willie,Rest.proxim,Pro.social,"30.014966,-97.306143",,,0,0,NS
9/30/22,11:48:31,Hank,Willie,Rest.proxim,Pro.social,"30.015006,-97.306070",,,0,1,NS
10/7/22,9:25:37,Imogen,No Value,Wag.tail,Wag.tail,"30.014849,-97.307288",,,1,0,NS
10/7/22,9:25:51 AM,Dora,No Value,Pee,Pee,"30.014734,-97.307306",,,1,0,AJ
10/7/22,9:25:55,Imogen,No Value,Other,Other,"30.014836,-97.307456",Lay down,,0,0,NS
10/7/22,9:26:06,Imogen,Other,Snout.touch,Pro.social,"30.014834,-97.307453",Black and white male tusks (not Dora),,0,0,NS
10/7/22,9:26:11 AM,Dora,No Value,Travel,Activity,"30.014734,-97.307306",,,0,0,AJ
10/7/22,9:26:53 AM,Dora,No Value,Nudge.ground,Activity,"30.014859,-97.307616",,,0,0,AJ
10/7/22,9:27:18,Imogen,Unknown,Sniff.consp,Pro.social,"30.014864,-97.307456",Pink pig (pic),,0,0,NS
10/7/22,9:27:55,Imogen,No Value,Other,Other,"30.015069,-97.307448",Rub face and body against branch,,0,0,NS
10/7/22,9:28:15,Imogen,No Value,Travel,Activity,"30.015069,-97.307448",,,0,0,NS
10/7/22,9:28:56,Imogen,No Value,Sniff.obj,Activity,"30.015069,-97.307448",Ground,,0,0,NS
10/7/22,9:29:32,Imogen,No Value,Nudge.ground,Activity,"30.014746,-97.307379",Dirt,,0,0,NS
10/7/22,9:29:38 AM,Dora,Rebel,Other,Other,"30.017331,-97.305403",Rebel sniffed her butt but she didn't react,,0,0,AJ
10/7/22,9:30:07 AM,Dora,No Value,Get.disp,R.agg,"30.014825,-97.307112",very large gray spotted pig sniffed her but and she did move,,0,0,AJ
10/7/22,9:30:41,Imogen,No Value,Nudge.ground,Activity,"30.014711,-97.307349",Dirt,,0,1,NS
10/7/22,9:31:21 AM,Dora,No Value,Nudge.ground,Activity,"30.014881,-97.307481",,,0,1,AJ
10/7/22,9:31:29,Bianca,No Value,Sniff.obj,Activity,"30.014646,-97.307327",Ground,,1,0,NS
10/7/22,9:31:29 AM,Horatio,No Value,Nudge.ground,Activity,"30.014736,-97.307292",,,1,0,AJ
10/7/22,9:31:46,Bianca,No Value,Grunt,Grunt,"30.014619,-97.307372",,,0,0,NS
10/7/22,9:32:05,Bianca,No Value,Travel,Activity,"30.014601,-97.307279",,,0,0,NS
10/7/22,9:32:13,Bianca,No Value,Drink,Drink,"30.014675,-97.307336",From puddle,,0,0,NS
10/7/22,9:32:42 AM,Horatio,No Value,Wag.tail,Wag.tail,"30.002828,-97.304309",,,0,0,AJ
10/7/22,9:33:07,Bianca,No Value,Nudge.ground,Activity,"30.015069,-97.307448",,,0,0,NS
10/7/22,9:34:07,Bianca,No Value,Pee,Pee,"30.014627,-97.307326",,,0,0,NS
10/7/22,9:34:27,Bianca,No Value,Grunt,Grunt,"30.015069,-97.307448",,,0,0,NS
10/7/22,9:34:38 AM,Horatio,No Value,Travel,Activity,"30.014888,-97.307516",,,0,0,AJ
10/7/22,9:34:42,Bianca,No Value,Sniff.obj,Activity,"30.015069,-97.307448",Hay,,0,0,NS
10/7/22,9:35:09,Bianca,No Value,Nudge.ground,Activity,"30.015069,-97.307448",Hay,,0,0,NS
10/7/22,9:36:30,Bianca,No Value,Other,Other,"30.014626,-97.307330",Grab bunch of hay in mouth and carry and eat it while walking,,0,1,NS
10/7/22,9:37:22 AM,Horatio,No Value,Nudge.ground,Activity,"30.016972,-97.305707",,,0,1,AJ
10/7/22,9:37:35 AM,Rebel,No Value,Nudge.ground,Activity,"30.014850,-97.307569",,,1,0,AJ
10/7/22,9:39:29,Thomas,No Value,Sniff.obj,Activity,"30.015069,-97.307448",Dinner table,,1,0,NS
10/7/22,9:39:55,Thomas,No Value,Rub.face,Grooming,"30.015069,-97.307448",Rub face against dinner table,,0,0,NS
10/7/22,9:40:11,Thomas,Dora,Attempt.disp,G.agg,"30.015069,-97.307448",Displace Dora,,0,0,NS
10/7/22,9:40:14 AM,Rebel,No Value,Wag.tail,Wag.tail,"30.016598,-97.306318",,,0,0,AJ
10/7/22,9:40:30,Thomas,Unknown,Attempt.disp,G.agg,"30.015069,-97.307448",Displace black and white pig with tusks (pic),,0,0,NS
10/7/22,9:41:22,Thomas,No Value,Wag.tail,Wag.tail,"30.015069,-97.307448",,,0,0,NS
10/7/22,9:42:41,Thomas,No Value,Sniff.obj,Activity,"30.015069,-97.307448",Ground,,0,0,NS
10/7/22,9:42:57,Thomas,No Value,Other,Other,"30.015069,-97.307448",Lay down,,0,0,NS
10/7/22,9:43:30 AM,Rebel,No Value,Rub.face,Grooming,"30.004631,-97.296054",Rubbing face on dinner table. Another pig did it and then Rebel did- mimicry?,,0,1,AJ
10/7/22,9:44:02,Thomas,No Value,Rest,Rest,"30.015069,-97.307448",,,0,1,NS
10/7/22,9:44:35,Thomas,No Value,Rest,Rest,"30.015069,-97.307448",,,0,1,NS
10/7/22,9:46:10 AM,Bates,No Value,Drink,Drink,"30.014724,-97.307314",out of puddle,,1,0,AJ
10/7/22,9:46:35 AM,Bates,No Value,Travel,Activity,"30.014638,-97.307208",,,0,0,AJ
10/7/22,9:46:43 AM,Bates,No Value,Poop,Poop,"30.014852,-97.307261",,,0,0,AJ
10/7/22,9:47:44 AM,Bates,No Value,Nudge.ground,Activity,"30.014671,-97.307438",in foresty tree area,,0,0,AJ
10/7/22,9:48:20 AM,Bates,No Value,Travel,Activity,"30.014710,-97.307336",,,0,0,AJ
10/7/22,9:49:21,Eleanor,No Value,Grunt,Grunt,"30.015069,-97.307448",,,1,0,NS
10/7/22,9:50:05 AM,Bates,No Value,Nudge.ground,Activity,"30.015932,-97.305955",,,0,0,AJ
10/7/22,9:50:50 AM,Bates,No Value,Wag.tail,Wag.tail,"30.014907,-97.307339",,,0,0,AJ
10/7/22,9:50:58,Eleanor,No Value,Nudge.ground,Activity,"30.015069,-97.307448",Hay,,0,0,NS
10/7/22,9:51:26 AM,Bates,Eleanor,Nudge.ground,Activity,"30.014917,-97.307416",,,0,1,AJ
10/7/22,9:51:51 AM,Thomas,No Value,Nudge.ground,Activity,"30.014825,-97.307442",foaming at the mouth,,1,0,AJ
10/7/22,9:52:13 AM,Thomas,No Value,Wag.tail,Wag.tail,"30.015028,-97.306848",,,0,0,AJ
10/7/22,9:53:40,Eleanor,Horatio,Nudge.ground,Activity,"30.014835,-97.307321",Hay,,0,0,NS
10/7/22,9:54:05,Eleanor,No Value,Nudge.ground,Activity,"30.015069,-97.307448",Hay,,0,1,NS
10/7/22,9:54:58 AM,Thomas,No Value,Attempt.disp,G.agg,"30.017370,-97.305416",brown pig not in study had a white stripe on back,,0,0,AJ
10/7/22,9:55:04,Bates,No Value,Nudge.ground,Activity,"30.015069,-97.307448",Dirt,,1,0,NS
10/7/22,9:55:30 AM,Thomas,No Value,Travel,Activity,"30.014611,-97.307268",got off dinner table after trying to displace other pig,,0,0,AJ
10/7/22,9:56:51 AM,Thomas,No Value,Nudge.ground,Activity,"30.014862,-97.307332",,,0,1,AJ
10/7/22,9:57:00,Bates,No Value,Other,Other,"30.015069,-97.307448",Step on top of dinner table,,0,0,NS
10/7/22,9:57:11 AM,Atlas,No Value,Nudge.ground,Activity,"30.015636,-97.307173",,,1,0,AJ
10/7/22,9:57:20,Bates,No Value,Nudge.ground,Activity,"30.014856,-97.307409",Pellets,,0,0,NS
10/7/22,9:57:59 AM,Atlas,No Value,Travel,Activity,"30.015028,-97.306848",,,0,0,AJ
10/7/22,9:58:10 AM,Atlas,Horatio,Attempt.disp,G.agg,"30.014981,-97.307395",displacement successful,,0,0,AJ
10/7/22,10:00:04 AM,Atlas,No Value,Travel,Activity,"30.015028,-97.306848",,,0,0,AJ
10/7/22,10:00:19,Bates,No Value,Nudge.ground,Activity,"30.015069,-97.307448",Pellets,,0,1,NS
10/7/22,10:00:43,Dora,No Value,Nudge.ground,Activity,"30.014846,-97.307480",Hay,,1,0,NS
10/7/22,10:00:58 AM,Atlas,No Value,Travel,Activity,"30.012296,-97.307142",,,0,0,AJ
10/7/22,10:01:49 AM,Atlas,Horatio,Attempt.disp,G.agg,"30.013779,-97.308125",displacement success,,0,0,AJ
10/7/22,10:03:24 AM,Imogen,No Value,Wag.tail,Wag.tail,"30.015028,-97.306848",,,1,0,AJ
10/7/22,10:03:59,Dora,Imogen,Get.disp,R.agg,"30.015069,-97.307448",,,0,0,NS
10/7/22,10:04:31 AM,Imogen,No Value,Travel,Activity,"30.015436,-97.307413",,,0,0,AJ
10/7/22,10:04:57 AM,Imogen,No Value,Sniff.consp,Pro.social,"30.015436,-97.307413",sniffing another pigs backside,,0,0,AJ
10/7/22,10:05:03,Dora,Atlas,Nudge.ground,Activity,"30.015069,-97.307448",Eat dirt with rump touching Atlas,,0,0,NS
10/7/22,10:05:51 AM,Imogen,No Value,Rest.proxim,Pro.social,"30.014878,-97.308156","with black wrinkly pig, in tree area ",,0,0,AJ
10/7/22,10:06:04,Dora,No Value,Sniff.obj,Activity,"30.015069,-97.307448",Dinner table,,0,1,NS
10/7/22,10:06:29,Atlas,No Value,Nudge.ground,Activity,"30.015069,-97.307448",Dirt,,1,0,NS
10/7/22,10:07:38,Atlas,No Value,Nudge.ground,Activity,"30.015069,-97.307448",Dirt,,0,0,NS
10/7/22,10:08:25 AM,Imogen,No Value,Rest.proxim,Pro.social,"30.014955,-97.307482",,,0,1,AJ
10/7/22,10:08:49,Atlas,Unknown,Attempt.disp,G.agg,"30.015069,-97.307448",Displaces black and white pig with tusks (pic),,0,0,NS
10/7/22,10:09:16,Atlas,No Value,Nudge.ground,Activity,"30.015069,-97.307448",Dirt,,0,0,NS
10/7/22,10:09:29 AM,Eleanor,No Value,Nudge.ground,Activity,"30.014779,-97.307672",,,1,0,AJ
10/7/22,10:09:43 AM,Eleanor,No Value,Wag.tail,Wag.tail,"30.014831,-97.307410",,,0,0,AJ
10/7/22,10:10:57,Atlas,No Value,Travel,Activity,"30.015069,-97.307448",Travel while grunting,,0,0,NS
10/7/22,10:11:28,Atlas,No Value,Nudge.ground,Activity,"30.015069,-97.307448",Hay,,0,1,NS
10/7/22,10:11:38 AM,Eleanor,No Value,Nudge.ground,Activity,"30.015056,-97.307407",with 2 pink pigs and a gray spotted pig (not rebel),,0,0,AJ
10/7/22,10:12:14,Horatio,No Value,Wag.tail,Wag.tail,"30.015069,-97.307448",,,1,0,NS
10/7/22,10:12:43,Horatio,No Value,Grunt,Grunt,"30.015069,-97.307448",,,0,0,NS
10/7/22,10:12:45 AM,Eleanor,No Value,Nip,G.agg,"30.014880,-97.307295",gray pig w black spots not in study,,0,0,AJ
10/7/22,10:13:11,Horatio,No Value,Grunt,Grunt,"30.015069,-97.307448",,,0,0,NS
10/7/22,10:13:23 AM,Eleanor,No Value,Pee,Pee,"30.014896,-97.307209",,,0,0,AJ
10/7/22,10:13:50 AM,Eleanor,No Value,Nip,G.agg,"30.015021,-97.307401",pink pig not in study,,0,0,AJ
10/7/22,10:14:05 AM,Eleanor,No Value,Attempt.disp,G.agg,"30.014763,-97.307404",nipped the pink pig and displaced them,,0,0,AJ
10/7/22,10:14:47 AM,Eleanor,No Value,Nudge.ground,Activity,"30.014886,-97.307389",,,0,1,AJ
10/7/22,10:15:03 AM,Georgie,No Value,Rest,Rest,"30.015054,-97.307697",,,1,0,AJ
10/7/22,10:15:09,Horatio,No Value,Sniff.obj,Activity,"30.015069,-97.307448",Dirt,,0,0,NS
10/7/22,10:16:20,Horatio,No Value,Wag.tail,Wag.tail,"30.015069,-97.307448",Standing still with tail wagging,,0,0,NS
10/7/22,10:17:00,Horatio,Unknown,Grunt,Grunt,"30.015069,-97.307448",Grunting at black and white splotched pig with tusks (pic),,0,1,NS
10/7/22,10:19:00,Rebel,Unknown,Rest.proxim,Pro.social,"30.015069,-97.307448",Pic,,1,0,NS
10/7/22,10:20:24 AM,Georgie,Dora,Rest.proxim,Pro.social,"30.017588,-97.305296",,,0,1,AJ
10/7/22,10:22:08 AM,Wilbur,No Value,Rest.proxim,Pro.social,"30.014813,-97.307386",2 pigs not in study,,1,0,AJ
10/7/22,10:24:17,Rebel,Unknown,Rest.proxim,Pro.social,"30.015069,-97.307448",Still resting with same group,,0,1,NS
10/7/22,10:24:53,Georgie,Dora,Rest.proxim,Pro.social,"30.014970,-97.307486",Rest near Dora but not touching. Facing opposite sides,,1,0,NS
10/7/22,10:25:12 AM,Wilbur,AJ,Attempt.disp,G.agg,"30.014900,-97.307667",Chase AJ,,0,0,AJ
10/7/22,10:26:27 AM,Wilbur,No Value,Nudge.ground,Activity,"30.012350,-97.305282",dirt,,0,0,AJ
10/7/22,10:27:31 AM,Wilbur,No Value,Travel,Activity,"30.015305,-97.307291",,,0,1,AJ
10/7/22,10:27:46 AM,Bianca,"Bates, Other",Rest.proxim,Pro.social,"30.015344,-97.307275",w bates and another white pig with black spots,,1,0,AJ
10/7/22,10:28:19,Georgie,No Value,Grunt,Grunt,"30.014980,-97.307450",Grunt while still laying down,,0,0,NS
10/7/22,10:30:30,Georgie,Dora,Rest.proxim,Pro.social,"30.014929,-97.307583",Still resting near Dora,,0,0,NS
10/7/22,10:30:51,Wilbur,No Value,Sniff.obj,Activity,"30.015069,-97.307448",Ground,,1,0,NS
10/7/22,10:32:16,Wilbur,NS,Other,Other,"30.015069,-97.307448","Standing, appearing to look back at NS",,0,0,NS
10/7/22,10:32:41,Wilbur,No Value,Travel,Activity,"30.015069,-97.307448",,,0,0,NS
10/7/22,10:32:49,Wilbur,No Value,Sniff.obj,Activity,"30.014917,-97.307479",Hay,,0,0,NS
10/7/22,10:33:04,Wilbur,No Value,Rest,Rest,"30.015069,-97.307448",,,0,0,NS
10/7/22,10:33:24 AM,Bianca,"Bates, Other",Rest.proxim,Pro.social,"30.014848,-97.307160",see previous,,0,1,AJ
10/7/22,10:35:45,Wilbur,No Value,Sniff.obj,Activity,"30.015069,-97.307448",Ground,,0,1,NS
10/7/22,10:40:30,Pixie,No Value,Sniff.obj,Activity,"30.015110,-97.306427",Dinner table,,0,0,NS
10/7/22,10:41:06,Pixie,No Value,Drink,Drink,"30.015106,-97.306497",Drink water in trough with front feet in,,0,0,NS
10/7/22,10:41:18 AM,Loretta,Willie,Get.disp,R.agg,"30.009124,-97.300503",,,1,0,AJ
10/7/22,10:41:22,Pixie,No Value,Travel,Activity,"30.015155,-97.306516",,,0,0,NS
10/7/22,10:41:52,Pixie,No Value,Nudge.ground,Activity,"30.015156,-97.306487",Hay,,0,0,NS
10/7/22,10:42:39,Pixie,Dahlia,Get.disp,R.agg,"30.015093,-97.306542",,,0,0,NS
10/7/22,10:43:14,Pixie,Dahlia,Grunt,Grunt,"30.015040,-97.306558",,,0,0,NS
10/7/22,10:43:17 AM,Loretta,No Value,Grunt,Grunt,"30.007217,-97.298145",,,0,0,AJ
10/7/22,10:43:22 AM,Loretta,No Value,Other,Other,"30.005931,-97.297381",lifting up dinner table with snout,,0,0,AJ
10/7/22,10:43:31,Pixie,No Value,Nudge.ground,Activity,"30.015038,-97.306465",Hay,,0,0,NS
10/7/22,10:44:45 AM,Loretta,No Value,Travel,Activity,"30.014973,-97.306310",,,0,0,AJ
10/7/22,10:45:26,Pixie,Loretta,Sniff.consp,Pro.social,"30.015069,-97.306485",Sniff Loretta,,0,1,NS
10/7/22,10:45:34 AM,Loretta,Pixie,Other,Other,"30.013831,-97.307797",got sniffed,,0,0,AJ
10/7/22,10:46:01,Kitty,No Value,Grunt,Grunt,"30.015117,-97.306492",,,1,0,NS
10/7/22,10:46:20 AM,Loretta,No Value,Drink,Drink,"30.015207,-97.306007",,,0,1,AJ
10/7/22,10:46:45 AM,Willie,No Value,Travel,Activity,"30.015005,-97.306623",,,1,0,AJ
10/7/22,10:47:21,Kitty,No Value,Other,Other,"30.015069,-97.306545","Putting nose through fence, sniffing donkey ",,0,0,NS
10/7/22,10:47:37 AM,Willie,No Value,Drink,Drink,"30.014603,-97.304774",,,0,0,AJ
10/7/22,10:47:48,Kitty,No Value,Nudge.ground,Activity,"30.015059,-97.306547",Hay,,0,0,NS
10/7/22,10:48:25 AM,Willie,No Value,Travel,Activity,"30.014289,-97.303168",,,0,0,AJ
10/7/22,10:50:25,Kitty,No Value,Grunt,Grunt,"30.015039,-97.306492",,,0,0,NS
10/7/22,10:50:32 AM,Willie,Dahlia,Nudge.ground,Activity,"30.015220,-97.305497",,,0,0,AJ
10/7/22,10:50:47,Kitty,Raymond,Attempt.disp,G.agg,"30.015077,-97.306500",Displaces Raymond at dinner table,,0,0,NS
10/7/22,10:51:07 AM,Willie,Dahlia,Rest.proxim,Pro.social,"30.015305,-97.305827",,,0,0,AJ
10/7/22,10:51:22,Kitty,No Value,Nudge.ground,Activity,"30.015026,-97.306593",Dirt,,0,0,NS
10/7/22,10:51:37,Raymond,No Value,Sniff.obj,Activity,"30.014907,-97.306613",Ground,,1,0,NS
10/7/22,10:51:47 AM,Willie,Dahlia,Rest.proxim,Pro.social,"30.015199,-97.305926",,,0,1,AJ
10/7/22,10:52:08 AM,Dahlia,Willie,Rest.proxim,Pro.social,"30.015000,-97.306262",,,1,0,AJ
10/7/22,10:52:17,Raymond,No Value,Nudge.ground,Activity,"30.014939,-97.306513",Hay,,0,0,NS
10/7/22,10:53:33,Raymond,Dahlia,Nudge.ground,Activity,"30.014965,-97.306636",Eat dirt next to Dahlia,,0,0,NS
10/7/22,10:54:20,Raymond,No Value,Travel,Activity,"30.015010,-97.306596",,,0,0,NS
10/7/22,10:55:40,Raymond,No Value,Nudge.ground,Activity,"30.015101,-97.306644",Dirt/hay,,0,0,NS
10/7/22,10:56:46,Raymond,No Value,Nudge.ground,Activity,"30.015083,-97.306530",,,0,1,NS
10/7/22,10:56:59,Loretta,No Value,Nudge.ground,Activity,"30.015115,-97.306451",Hay,,1,0,NS
10/7/22,10:57:18 AM,Dahlia,Willie,Rest.proxim,Pro.social,"30.004178,-97.295733",,,0,1,AJ
10/7/22,10:58:23 AM,Pixie,No Value,Nudge.ground,Activity,"30.014913,-97.306110",dirt,,1,0,AJ
10/7/22,10:58:59 AM,Pixie,No Value,Other,Other,"30.015010,-97.306490",lifting up dinner table with snout,,0,0,AJ
10/7/22,11:00:03,Loretta,No Value,Nudge.ground,Activity,"30.015103,-97.306454",,,0,0,NS
10/7/22,11:02:04,Loretta,No Value,Nudge.ground,Activity,"30.015087,-97.306546",,,0,1,NS
10/7/22,11:03:42,Willie,No Value,Rest,Rest,"30.015005,-97.306492",,,1,0,NS
10/7/22,11:03:49 AM,Pixie,No Value,Nudge.ground,Activity,"30.013510,-97.304953",,,0,1,AJ
10/7/22,11:06:31 AM,Raymond,Kitty,Nudge.ground,Activity,"30.006378,-97.297917",,,1,0,AJ
10/7/22,11:08:07 AM,Raymond,Kitty,Rest.proxim,Pro.social,"30.013387,-97.302235",,,0,0,AJ
10/7/22,11:08:54,Willie,No Value,Rest,Rest,"30.014992,-97.306157",,,0,1,NS
10/7/22,11:11:30 AM,Raymond,Kitty,Rest.proxim,Pro.social,"30.006406,-97.308077",,,0,1,AJ
10/7/22,11:11:42 AM,Kitty,Raymond,Rest.proxim,Pro.social,"30.015153,-97.305777",,,1,0,AJ
10/7/22,11:12:19,Hank,George,Rest.proxim,Pro.social,"30.014993,-97.305968",,,1,0,NS
10/7/22,11:17:00 AM,Kitty,Raymond,Rest.proxim,Pro.social,"30.008603,-97.300047",,,0,1,AJ
10/7/22,11:17:28,Hank,George,Rest.proxim,Pro.social,"30.014587,-97.306240",,,0,1,NS
10/7/22,11:17:36,George,Hank,Rest.proxim,Pro.social,"30.014651,-97.306402",,,1,0,NS
10/7/22,11:22:21 AM,Molly,Dahlia,Rest.proxim,Pro.social,"30.004270,-97.295813",,,1,0,AJ
10/7/22,11:22:55,George,Hank,Rest.proxim,Pro.social,"30.014697,-97.306302",,,0,1,NS
10/7/22,11:23:53,Dahlia,Molly,Rest.proxim,Pro.social,"30.014694,-97.306306",,,1,0,NS
10/7/22,11:27:34 AM,Molly,Dahlia,Rest.proxim,Pro.social,"30.004473,-97.296017",,,0,1,AJ
10/7/22,11:28:18 AM,George,Hank,Rest.proxim,Pro.social,"30.014679,-97.306176",,,1,0,AJ
10/7/22,11:29:06,Dahlia,Molly,Rest.proxim,Pro.social,"30.014707,-97.306476",,,0,1,NS
10/7/22,11:29:20,Molly,Dahlia,Rest.proxim,Pro.social,"30.014764,-97.306526",,,1,0,NS
10/7/22,11:33:36 AM,George,Hank,Rest.proxim,Pro.social,"30.005549,-97.297149",,,0,1,AJ
10/7/22,11:33:46 AM,Hank,George,Rest.proxim,Pro.social,"30.014479,-97.306412",,,1,0,AJ
10/7/22,11:34:23,Molly,Dahlia,Rest.proxim,Pro.social,"30.014698,-97.306472",,,0,1,NS
10/7/22,11:38:53 AM,Hank,George,Rest.proxim,Pro.social,"30.014740,-97.306401",,,0,1,AJ
10/21/22,11:37:52 AM,Wilbur,No Value,Travel,Activity,"30.014862,-97.307033",,,1,0,AJ
10/21/22,11:38:48 AM,Wilbur,No Value,Nudge.ground,Activity,"30.014947,-97.307144",,,0,0,AJ
10/21/22,11:39:55,Bates,No Value,Nudge.ground,Activity,"30.014816,-97.307352",Hay,,1,0,NS
10/21/22,11:40:35 AM,Wilbur,No Value,Wag.tail,Wag.tail,"30.015224,-97.307397",,,0,0,AJ
10/21/22,11:40:42,Bates,No Value,Wag.tail,Wag.tail,"30.015123,-97.307546",,,0,0,NS
10/21/22,11:40:56,Bates,Unknown,Get.disp,R.agg,"30.014697,-97.307460",Gray pig tusks (pic),,0,0,NS
10/21/22,11:41:41,Bates,No Value,Nudge.ground,Activity,"30.015123,-97.307546",,,0,0,NS
10/21/22,11:43:07,Bates,No Value,Nudge.ground,Activity,"30.014818,-97.307338",Dirt,,0,0,NS
10/21/22,11:43:46 AM,Wilbur,No Value,Nudge.ground,Activity,"30.014781,-97.307375",,,0,1,AJ
10/21/22,11:44:17 AM,Imogen,No Value,Nudge.ground,Activity,"30.014999,-97.306948",,,1,0,AJ
10/21/22,11:44:29 AM,Imogen,No Value,Wag.tail,Wag.tail,"30.014965,-97.307355",,,0,0,AJ
10/21/22,11:44:34,Bates,Unknown,Get.disp,R.agg,"30.015123,-97.307546",Unknown marbled pig with tusks pic,,0,1,NS
10/21/22,11:44:38 AM,Imogen,Wilbur,Nudge.ground,Activity,"30.014996,-97.307175",,,0,0,AJ
10/21/22,11:45:16,Georgie,No Value,Nudge.ground,Activity,"30.015123,-97.307546",,,1,0,NS
10/21/22,11:45:34 AM,Imogen,No Value,Travel,Activity,"30.014999,-97.306948",,,0,0,AJ
10/21/22,11:45:47 AM,Imogen,Rebel,Attempt.disp,G.agg,"30.014934,-97.307323",successful,,0,0,AJ
10/21/22,11:46:42,Georgie,No Value,Nudge.ground,Activity,"30.015123,-97.307546",Dirt,,0,0,NS
10/21/22,11:47:09,Georgie,No Value,Travel,Activity,"30.015123,-97.307546",,,0,0,NS
10/21/22,11:48:13,Georgie,No Value,Drink,Drink,"30.015123,-97.307546",,,0,0,NS
10/21/22,11:49:14,Georgie,No Value,Travel,Activity,"30.015123,-97.307546",,,0,0,NS
10/21/22,11:49:27,Georgie,No Value,Pee,Pee,"30.014715,-97.307367",,,0,0,NS
10/21/22,11:49:37,Georgie,No Value,Travel,Activity,"30.014711,-97.307380",,,0,0,NS
10/21/22,11:49:46,Georgie,No Value,Nudge.ground,Activity,"30.014796,-97.307372",Hay,,0,0,NS
10/21/22,11:49:53 AM,Imogen,No Value,Nudge.ground,Activity,"30.014999,-97.306948",,,0,1,AJ
10/21/22,11:50:16 AM,Horatio,No Value,Nudge.ground,Activity,"30.014749,-97.307544",,,1,0,AJ
10/21/22,11:50:21,Georgie,No Value,Nudge.ground,Activity,"30.015123,-97.307546",Hay,,0,1,NS
10/21/22,11:50:37 AM,Horatio,No Value,Wag.tail,Wag.tail,"30.014816,-97.307390",,,0,0,AJ
10/21/22,11:50:58,Dora,No Value,Nudge.ground,Activity,"30.015123,-97.307546",Hay,,1,0,NS
10/21/22,11:52:57,Dora,Unknown,Attempt.disp,G.agg,"30.015123,-97.307546",Pic spotted small pig,,0,0,NS
10/21/22,11:53:30,Dora,No Value,Nudge.ground,Activity,"30.014907,-97.307292",Hay,,0,0,NS
10/21/22,11:55:02 AM,Horatio,No Value,Nudge.ground,Activity,"30.014840,-97.307346",,,0,1,AJ
10/21/22,11:56:03,Dora,No Value,Nudge.ground,Activity,"30.015123,-97.307546",Hay,,0,1,NS
10/21/22,11:56:46,Eleanor,No Value,Nudge.ground,Activity,"30.015123,-97.307546",,,1,0,NS
10/21/22,11:57:29 AM,Rebel,No Value,Nudge.ground,Activity,"30.017934,-97.307536",,,1,0,AJ
10/21/22,11:58:15 AM,Rebel,No Value,Wag.tail,Wag.tail,"30.014758,-97.307366",,,0,0,AJ
10/21/22,11:58:57,Eleanor,Dora,Attempt.disp,G.agg,"30.015123,-97.307546",Displaces Dora,,0,0,NS
10/21/22,11:59:29,Eleanor,No Value,Nudge.ground,Activity,"30.014899,-97.307297",Hay,,0,0,NS
10/21/22,12:01:58,Eleanor,No Value,Nudge.ground,Activity,"30.015123,-97.307546",Hay,,0,1,NS
10/21/22,12:02:43 PM,Rebel,No Value,Nudge.ground,Activity,"30.014074,-97.307267",,,0,1,AJ
10/21/22,12:02:44,Horatio,No Value,Nudge.ground,Activity,"30.015123,-97.307546",Hay,,1,0,NS
10/21/22,12:02:55 PM,Bianca,No Value,Nudge.ground,Activity,"30.014705,-97.307453",,,1,0,AJ
10/21/22,12:03:48 PM,Bianca,No Value,Wag.tail,Wag.tail,"30.014718,-97.307412",,,0,0,AJ
10/21/22,12:05:50 PM,Bianca,No Value,Nudge.ground,Activity,"30.014866,-97.307411",,,0,0,AJ
10/21/22,12:06:58 PM,Bianca,No Value,Travel,Activity,"30.014841,-97.307391",,,0,0,AJ
10/21/22,12:07:15,Horatio,No Value,Nudge.ground,Activity,"30.014219,-97.307434",,,0,1,NS
10/21/22,12:07:37 PM,Bianca,No Value,Nudge.ground,Activity,"30.014842,-97.307403",,,0,1,AJ
10/21/22,12:07:53 PM,Bates,No Value,Nudge.ground,Activity,"30.014702,-97.307309",,,1,0,AJ
10/21/22,12:08:29,Atlas,No Value,Nudge.ground,Activity,"30.015123,-97.307546",,,1,0,NS
10/21/22,12:10:33 PM,Bates,No Value,Nudge.ground,Activity,"30.014823,-97.307437",,,0,1,AJ
10/21/22,12:13:16,Atlas,No Value,Nudge.ground,Activity,"30.015123,-97.307546",,,0,1,NS
10/21/22,12:13:43,Thomas,No Value,Rest,Rest,"30.014712,-97.307443",,,1,0,NS
10/21/22,12:13:56 PM,Dora,No Value,Nudge.ground,Activity,"30.013776,-97.301886",,,1,0,AJ
10/21/22,12:18:53,Thomas,No Value,Rest,Rest,"30.015123,-97.307546",,,0,1,NS
10/21/22,12:19:27 PM,Dora,No Value,Nudge.ground,Activity,"30.014853,-97.307342",,,0,1,AJ
10/21/22,12:19:46 PM,Georgie,Atlas,Nudge.ground,Activity,"30.014815,-97.307342",,,1,0,AJ
10/21/22,12:21:03 PM,Georgie,No Value,Sniff.obj,Activity,"30.014563,-97.307770",sniffing a pile of hay,,0,0,AJ
10/21/22,12:21:59,Rebel,No Value,Rest.proxim,Pro.social,"30.014822,-97.307140",2 pink pigs (pic),,1,0,NS
10/21/22,12:25:11 PM,Georgie,No Value,Nudge.ground,Activity,"30.014999,-97.306948",,,0,1,AJ
10/21/22,12:25:15 PM,Atlas,No Value,Nudge.ground,Activity,"30.014842,-97.307456",,,1,0,AJ
10/21/22,12:27:47 PM,Atlas,No Value,Travel,Activity,"30.014752,-97.307581",,,0,0,AJ
10/21/22,12:28:15,Rebel,Unknown,Rest.proxim,Pro.social,"30.014953,-97.307432",Same group,,0,1,NS
10/21/22,12:30:15 PM,Atlas,Georgie,Nudge.ground,Activity,"30.014838,-97.307496",,,0,1,AJ
10/21/22,12:30:27 PM,Thomas,No Value,Rest,Rest,"30.014846,-97.307472",,,1,0,AJ
10/21/22,12:32:48,Bianca,No Value,Nudge.ground,Activity,"30.015123,-97.307546",,,1,0,NS
10/21/22,12:34:37,Bianca,No Value,Wag.tail,Wag.tail,"30.015123,-97.307546",,,0,0,NS
10/21/22,12:34:45,Bianca,No Value,Sniff.obj,Activity,"30.014764,-97.307504",Dirt,,0,0,NS
10/21/22,12:35:14 PM,Thomas,No Value,Rest,Rest,"30.014740,-97.307466",,,0,1,AJ
10/21/22,12:35:25 PM,Eleanor,No Value,Nudge.ground,Activity,"30.014819,-97.307424",,,1,0,AJ
10/21/22,12:36:10 PM,Eleanor,No Value,Wag.tail,Wag.tail,"30.014740,-97.307486",,,0,0,AJ
10/21/22,12:36:19 PM,Eleanor,No Value,Travel,Activity,"30.014883,-97.307270",,,0,0,AJ
10/21/22,12:36:48 PM,Eleanor,Dora,Nudge.ground,Activity,"30.014855,-97.307329",,,0,0,AJ
10/21/22,12:37:41,Bianca,Unknown,Sniff.consp,Pro.social,"30.014646,-97.307634",Black sleeping pig (pic),,0,1,NS
10/21/22,12:38:58,Wilbur,No Value,Rest,Rest,"30.015123,-97.307546",,,1,0,NS
10/21/22,12:40:24 PM,Eleanor,No Value,Nudge.ground,Activity,"30.014831,-97.307531",,,0,1,AJ
10/21/22,12:44:13,Wilbur,No Value,Rest,Rest,"30.015123,-97.307546",,,0,1,NS
10/21/22,12:49:59,Loretta,No Value,Rest,Rest,"30.015123,-97.307546",,,1,0,NS
10/21/22,12:51:55 PM,Molly,No Value,Rest,Rest,"30.014659,-97.306413",,,1,0,AJ
10/21/22,12:55:20,Loretta,No Value,Rest,Rest,"30.014954,-97.306564",,,0,1,NS
10/21/22,12:56:13,Raymond,No Value,Rest,Rest,"30.014891,-97.306527",,,1,0,NS
10/21/22,12:57:14 PM,Molly,No Value,Rest,Rest,"30.010047,-97.302270",,,0,1,AJ
10/21/22,12:57:37 PM,Pixie,No Value,Rest,Rest,"30.014608,-97.306257",in water puddle,,1,0,AJ
10/21/22,12:58:02 PM,Pixie,No Value,Grunt,Grunt,"30.014590,-97.306266",,,0,0,AJ
10/21/22,12:59:14 PM,Pixie,No Value,Drink,Drink,"30.014603,-97.306219",water leaking from a hose,,0,0,AJ
10/21/22,1:00:46 PM,Pixie,No Value,Travel,Activity,"30.017678,-97.306628",,,0,0,AJ
10/21/22,13:01:12,Raymond,No Value,Rest,Rest,"30.014594,-97.306499",,,0,1,NS
10/21/22,1:01:32 PM,Pixie,No Value,Pee,Pee,"30.014649,-97.306228",,,0,0,AJ
10/21/22,1:02:10 PM,Pixie,No Value,Nudge.ground,Activity,"30.014648,-97.306207",,,0,0,AJ
10/21/22,1:02:20 PM,Pixie,No Value,Nudge.ground,Activity,"30.014663,-97.306198",leaves from ground,,0,0,AJ
10/21/22,13:02:59,George,No Value,Rest,Rest,"30.014635,-97.306614",,,1,0,NS
10/21/22,1:03:31 PM,Pixie,No Value,Travel,Activity,"30.014747,-97.306190",,,0,1,AJ
10/21/22,1:05:24 PM,Raymond,No Value,Rest,Rest,"30.010107,-97.304891",,,1,0,AJ
10/21/22,13:08:14,George,No Value,Rest,Rest,"30.014718,-97.306307",,,0,1,NS
10/21/22,13:09:14,Molly,Pixie,Rest.proxim,Pro.social,"30.014763,-97.306247",,,1,0,NS
10/21/22,1:10:08 PM,Raymond,No Value,Rest,Rest,"30.011779,-97.301050",,,0,1,AJ
10/21/22,1:10:52 PM,Loretta,No Value,Rest,Rest,"30.014532,-97.306811",,,1,0,AJ
10/21/22,13:14:37,Molly,Pixie,Rest.proxim,Pro.social,"30.014667,-97.306426",,,0,1,NS
10/21/22,13:14:47,Pixie,Dahlia,Rest.proxim,Pro.social,"30.014584,-97.306398",,,1,0,NS
10/21/22,1:16:04 PM,Loretta,No Value,Rest,Rest,"30.014918,-97.306697",,,0,1,AJ
10/21/22,1:17:18 PM,George,No Value,Rest,Rest,"30.014999,-97.306948",,,1,0,AJ
10/21/22,13:19:56,Pixie,Dahlia,Rest.proxim,Pro.social,"30.014738,-97.306561",,,0,1,NS
10/21/22,13:21:45,Willie,Hank,Rest.proxim,Pro.social,"30.014579,-97.306368",,,1,0,NS
10/21/22,1:22:31 PM,George,No Value,Rest,Rest,"30.012992,-97.297448",,,0,1,AJ
10/21/22,1:24:29 PM,Hank,Willie,Rest.proxim,Pro.social,"30.014207,-97.306857",,,1,0,AJ
10/21/22,13:27:24,Willie,Hank,Rest.proxim,Pro.social,"30.015037,-97.306011",,,0,1,NS
10/21/22,13:27:45,Dahlia,No Value,Rest,Rest,"30.015027,-97.306070",,,1,0,NS
10/21/22,1:30:26 PM,Hank,Willie,Rest.proxim,Pro.social,"30.013936,-97.301484",,,0,1,AJ
10/21/22,1:30:47 PM,Willie,Hank,Rest.proxim,Pro.social,"30.014981,-97.306101",,,1,0,AJ
10/21/22,13:33:05,Dahlia,No Value,Rest,Rest,"30.015068,-97.306072",,,0,1,NS
10/21/22,13:33:16,Hank,No Value,Travel,Activity,"30.014963,-97.306067",,,1,0,NS
10/21/22,13:34:24,Hank,No Value,Pee,Pee,"30.014969,-97.306096",,,0,0,NS
10/21/22,13:34:32,Hank,No Value,Travel,Activity,"30.014952,-97.306071",,,0,0,NS
10/21/22,13:35:09,Hank,No Value,Poop,Poop,"30.014967,-97.306065",,,0,0,NS
10/21/22,1:35:56 PM,Willie,No Value,Rest,Rest,"30.013764,-97.300458",,,0,1,AJ
10/21/22,13:35:59,Hank,No Value,Drink,Drink,"30.014832,-97.306154",Puddle,,0,0,NS
10/21/22,1:36:05 PM,Dahlia,No Value,Rest,Rest,"30.014923,-97.306055",,,1,0,AJ
10/21/22,13:37:55,Hank,No Value,Nudge.ground,Activity,"30.014714,-97.306271",Dirt,,0,0,NS
10/21/22,13:38:38,Hank,No Value,Nudge.ground,Activity,"30.014441,-97.306313",,,0,0,NS
10/21/22,13:39:06,Hank,No Value,Sniff.obj,Activity,"30.014689,-97.306249",Dirt,,0,1,NS
10/21/22,1:41:17 PM,Dahlia,No Value,Rest,Rest,"30.013145,-97.297648",,,0,1,AJ
10/21/22,1:46:21 PM,Kitty,No Value,Rest,Rest,"30.015009,-97.305699",,,1,0,AJ
10/21/22,1:51:02 PM,Kitty,No Value,Rest,Rest,"30.014638,-97.305922",,,0,1,AJ
10/21/22,13:51:08,Kitty,No Value,Rest,Rest,"30.014593,-97.305797",,,1,0,NS
10/21/22,13:56:23,Kitty,No Value,Rest,Rest,"30.014753,-97.305888",,,0,1,NS
10/21/22,14:13:26,Imogen,No Value,Rest,Rest,"30.015123,-97.307546",Resting very far from other pigs,,1,0,NS
10/21/22,14:18:55,Imogen,No Value,Rest,Rest,"30.014716,-97.308274",,,0,1,NS
10/28/22,9:02:11,Atlas,No Value,Nudge.ground,Activity,"30.015024,-97.307495",,,1,0,NS
10/28/22,9:02:32,Atlas,No Value,Grunt,Grunt,"30.014840,-97.307463",,,0,0,NS
10/28/22,9:02:38 AM,Dora,No Value,Grunt,Grunt,"30.014149,-97.304992",,,1,0,AJ
10/28/22,9:02:58,Atlas,No Value,Nudge.ground,Activity,"30.014916,-97.307461",,,0,0,NS
10/28/22,9:04:08 AM,Dora,No Value,Nudge.ground,Activity,"30.014966,-97.307006",,,0,0,AJ
10/28/22,9:04:09,Atlas,No Value,Poop,Poop,"30.014732,-97.307478",,,0,0,NS
10/28/22,9:05:07 AM,Dora,No Value,Nudge.ground,Activity,"30.014913,-97.307239",eating dirt,,0,0,AJ
10/28/22,9:07:13,Atlas,No Value,Nudge.ground,Activity,"30.014915,-97.307447",,,0,0,NS
10/28/22,9:07:26,Atlas,No Value,Nudge.ground,Activity,"30.014933,-97.307467",,,0,1,NS
10/28/22,9:08:25 AM,Dora,Atlas,Nudge.ground,Activity,"30.018075,-97.306422",eating dirt,,0,1,AJ
10/28/22,9:08:33,Bates,No Value,Rest,Rest,"30.015024,-97.307495",,,1,0,NS
10/28/22,9:08:51 AM,Atlas,No Value,Nudge.ground,Activity,"30.014846,-97.307329",eating dirt,,1,0,AJ
10/28/22,9:09:22,Bates,No Value,Nudge.ground,Activity,"30.014747,-97.307331",,,0,0,NS
10/28/22,9:09:31 AM,Atlas,Thomas,Attempt.disp,G.agg,"30.014510,-97.307339",displacement successful,,0,0,AJ
10/28/22,9:10:42,Bates,No Value,Travel,Activity,"30.017761,-97.308072",,,0,0,NS
10/28/22,9:10:50,Bates,No Value,Travel,Activity,"30.014811,-97.307295",,,0,0,NS
10/28/22,9:11:02,Bates,No Value,Wag.tail,Wag.tail,"30.014785,-97.307401",,,0,0,NS
10/28/22,9:11:33,Bates,No Value,Travel,Activity,"30.014780,-97.307451",,,0,0,NS
10/28/22,9:12:42,Bates,No Value,Sniff.obj,Activity,"30.015024,-97.307495",Cabin entrance,,0,0,NS
10/28/22,9:13:14,Bates,No Value,Travel,Activity,"30.015024,-97.307495",,,0,0,NS
10/28/22,9:13:36,Bates,No Value,Nudge.ground,Activity,"30.014744,-97.307465",,,0,1,NS
10/28/22,9:14:08,Rebel,Unknown,Rest,Rest,"30.015024,-97.307495",Pic,,1,0,NS
10/28/22,9:14:17 AM,Atlas,No Value,Nudge.ground,Activity,"30.048020,-97.323481",eating dirt,,0,1,AJ
10/28/22,9:14:31 AM,Bates,No Value,Travel,Activity,"30.014721,-97.307390",,,1,0,AJ
10/28/22,9:15:23 AM,Bates,Rebel,Rest.proxim,Pro.social,"30.014966,-97.307006","in cabin 
",,0,0,AJ
10/28/22,9:16:30,Rebel,Bates,Squeal,Anxious,"30.020714,-97.308772","Other pig entered cabin 
Bates",,0,0,NS
10/28/22,9:17:36,Rebel,No Value,Rest,Rest,"30.015024,-97.307495",,,0,0,NS
10/28/22,9:18:16 AM,Bates,Rebel,Grunt,Grunt,"30.016420,-97.307302",growling,,0,0,AJ
10/28/22,9:19:09,Rebel,No Value,Rest,Rest,"30.020038,-97.308637",,,0,1,NS
10/28/22,9:19:30,Dora,No Value,Nudge.ground,Activity,"30.014718,-97.307617",Dinner table,,1,0,NS
10/28/22,9:20:10 AM,Bates,No Value,Rest,Rest,"30.014868,-97.307601",,,0,1,AJ
10/28/22,9:20:24 AM,Rebel,No Value,Rest.proxim,Pro.social,"30.014755,-97.307703","in cabin, gray pig w black spots",,1,0,AJ
10/28/22,9:22:25 AM,Rebel,Dora,Grunt,Grunt,"30.014714,-97.307561",grunts when they enter cabin,,0,0,AJ
10/28/22,9:22:50,Dora,No Value,Nudge.ground,Activity,"30.019335,-97.308497",All other pigs inside bc rain,,0,0,NS
10/28/22,9:22:53 AM,Rebel,Atlas,Grunt,Grunt,"30.014727,-97.307564",when he entered cabin,,0,0,AJ
10/28/22,9:25:43 AM,Rebel,No Value,Rest,Rest,"30.012402,-97.306810",in cabin,,0,1,AJ
10/28/22,9:26:08,Horatio,Unknown,Rest,Rest,"30.014779,-97.307354",Pic,,1,0,NS
10/28/22,9:28:04 AM,Imogen,No Value,Rest,Rest,"30.014821,-97.307368",in cabin,,1,0,AJ
10/28/22,9:31:48,Horatio,No Value,Rest,Rest,"30.015024,-97.307495",,,0,1,NS
10/28/22,9:32:02,Eleanor,No Value,Rest,Rest,"30.014836,-97.307362",,,1,0,NS
10/28/22,9:33:38 AM,Imogen,No Value,Rest,Pro.social,"30.014966,-97.307006",in cabin,,0,0,AJ
10/28/22,9:33:48,Eleanor,No Value,Other,Other,"30.007894,-97.304378",Freezing up se pink pig lays near her,,0,0,NS
10/28/22,9:33:56 AM,Horatio,No Value,Rest,Pro.social,"30.007448,-97.305261",in cabin with other oreo pigs,,0,0,AJ
10/28/22,9:34:57,Eleanor,No Value,Rest,Pro.social,"30.015024,-97.307495",With pink pig (pic),,0,0,NS
10/28/22,9:37:08 AM,Horatio,No Value,Travel,Activity,"30.010751,-97.304465",,,0,0,AJ
10/28/22,9:37:18,Eleanor,Unknown,Rest,Pro.social,"30.011930,-97.298358",Same,,0,1,NS
10/28/22,9:37:27 AM,Horatio,No Value,Wag.tail,Wag.tail,"30.010813,-97.304469",,,0,0,AJ
10/28/22,9:37:48,Imogen,Unknown,Rest,Pro.social,"30.015024,-97.307495",Big cabin group (pic),,1,0,NS
10/28/22,9:38:35 AM,Horatio,No Value,Other,Other,"30.012615,-97.301140","standing, pawing at hay in cabin",,0,1,AJ
10/28/22,9:39:17 AM,Eleanor,No Value,Rest.proxim,Pro.social,"30.012296,-97.300835",with large pink pig not in study,,1,0,AJ
10/28/22,9:42:51,Imogen,No Value,Rest,Rest,"30.015024,-97.307495",,,0,1,NS
10/28/22,9:43:37,Wilbur,Unknown,Squeal,Anxious,"30.015024,-97.307495",Squeal at AJ,,1,0,NS
10/28/22,9:44:39,Wilbur,AJ,Attempt.disp,G.agg,"30.015024,-97.307495",AJ (human) got displaced,,0,0,NS
10/28/22,9:44:51 AM,Eleanor,No Value,Rest,Rest,"30.014777,-97.307513",in cabin,,0,0,AJ
10/28/22,9:45:48,Wilbur,No Value,Travel,Activity,"30.012465,-97.299775",,,0,0,NS
10/28/22,9:46:00,Wilbur,No Value,Grunt,Grunt,"30.014740,-97.307460",,,0,0,NS
10/28/22,9:46:48,Wilbur,No Value,Other,Other,"30.014740,-97.307442",Freezing with tail stiff pic,,0,0,NS
10/28/22,9:47:11 AM,Georgie,Dora,Rest.proxim,Pro.social,"30.013371,-97.306692",outside under tree,,1,0,AJ
10/28/22,9:48:14,Wilbur,No Value,Wag.tail,Wag.tail,"30.015024,-97.307495",,,0,0,NS
10/28/22,9:48:28,Wilbur,No Value,Grunt,Grunt,"30.014948,-97.307446",,,0,0,NS
10/28/22,9:49:16,Wilbur,No Value,Wag.tail,Wag.tail,"30.015024,-97.307495",,,0,1,NS
10/28/22,9:50:25,Thomas,No Value,Rest,Rest,"30.014756,-97.307387",Big cabin group but sleeping alone,,1,0,NS
10/28/22,9:53:14 AM,Georgie,Dora,Rest.proxim,Pro.social,"30.009339,-97.301792",in rain under tree,,0,1,AJ
10/28/22,9:53:40 AM,Wilbur,No Value,Nudge.ground,Activity,"30.014974,-97.307405",eating dirt out in rain,,1,0,AJ
10/28/22,9:54:41 AM,Wilbur,No Value,Wag.tail,Wag.tail,"30.014926,-97.307435",,,0,0,AJ
10/28/22,9:56:16,Thomas,No Value,Rest,Rest,"30.007095,-97.304031",,,0,1,NS
10/28/22,9:56:38,Bianca,Unknown,Rest.proxim,Pro.social,"30.015024,-97.307495",Pic,,1,0,NS
10/28/22,9:57:14 AM,Wilbur,No Value,Drink,Drink,"30.014966,-97.307006",puddle water,,0,0,AJ
10/28/22,9:58:35 AM,Wilbur,No Value,Grunt,Grunt,"30.014902,-97.307480",,,0,0,AJ
10/28/22,9:58:47 AM,Wilbur,No Value,Travel,Activity,"30.014839,-97.307398",,,0,0,AJ
10/28/22,9:59:14 AM,Wilbur,No Value,Poop,Poop,"30.014775,-97.307458",,,0,1,AJ
10/28/22,10:00:20 AM,Thomas,No Value,Rest,Rest,"30.014966,-97.307006",in  cabin in corner,,1,0,AJ
10/28/22,10:01:44,Bianca,No Value,Rest,Rest,"30.020742,-97.308808",,,0,1,NS
10/28/22,10:02:34,Georgie,Unknown,Rest.proxim,Pro.social,"30.015024,-97.307495",Pic,,1,0,NS
10/28/22,10:05:03 AM,Thomas,No Value,Rest,Rest,"30.004350,-97.304335",in cabin. in corner alone,,0,1,AJ
10/28/22,10:05:39 AM,Bianca,No Value,Rest.proxim,Pro.social,"30.004192,-97.304285",near other pigs. See pic,,1,0,AJ
10/28/22,10:07:28,Georgie,No Value,Rest.proxim,Pro.social,"30.020799,-97.308792",Same,,0,1,NS
10/28/22,10:11:32 AM,Bianca,No Value,Rest,Rest,"30.014891,-97.307128",with same pigs as above. in cabin.,,0,1,AJ
10/28/22,10:16:31,Raymond,No Value,Grunt,Grunt,"30.012188,-97.303506",,,1,0,NS
10/28/22,10:16:44 AM,Dahlia,George,Rest.proxim,Pro.social,"30.015244,-97.306256",,,1,0,AJ
10/28/22,10:17:02,Raymond,No Value,Grooming,Grooming,"30.015242,-97.306245",Scratch face on side of cabin,,0,0,NS
10/28/22,10:17:39,Raymond,Pixie,Snout.touch,Pro.social,"30.015257,-97.306160",,,0,0,NS
10/28/22,10:18:44,Raymond,No Value,Other,Other,"30.012954,-97.304162",Enter cabin,,0,0,NS
10/28/22,10:19:03 AM,Dahlia,Raymond,Grunt,Grunt,"30.014441,-97.304721",at george,,0,0,AJ
10/28/22,10:19:12,Raymond,No Value,Other,Other,"30.015209,-97.306149",Resting with hay,,0,0,NS
10/28/22,10:19:56 AM,Dahlia,Raymond,Grunt,Grunt,"30.015281,-97.306307",growling at raymond,,0,0,AJ
10/28/22,10:20:02,Raymond,Dahlia,Other,Other,"30.015218,-97.306173",Yelled at by Molly,,0,0,NS
10/28/22,10:20:37 AM,Dahlia,Raymond,Nip,G.agg,"30.015342,-97.306126",,,0,0,AJ
10/28/22,10:20:46,Raymond,No Value,Rest.proxim,Pro.social,"30.015273,-97.306097",Molly and George,,0,0,NS
10/28/22,10:21:09 AM,Dahlia,Raymond,Rest.proxim,Pro.social,"30.015369,-97.306098",and george,,0,1,AJ
10/28/22,10:21:32 AM,George,Molly,Rest.proxim,Pro.social,"30.015277,-97.306286",and raymond. in cabin,,1,0,AJ
10/28/22,10:21:46,Raymond,No Value,Rest.proxim,Pro.social,"30.015246,-97.306159",,,0,1,NS
10/28/22,10:22:18,Pixie,Hank,Sniff.consp,Pro.social,"30.015219,-97.306234",Sniff Hank in big cabin,,0,0,NS
10/28/22,10:23:30,Pixie,No Value,Travel,Activity,"30.020114,-97.308457",,,0,0,NS
10/28/22,10:23:32 AM,George,No Value,Grunt,Grunt,"30.014554,-97.306299",,,0,0,AJ
10/28/22,10:24:05,Pixie,No Value,Pee,Pee,"30.015215,-97.306235",,,0,0,NS
10/28/22,10:24:11,Pixie,No Value,Other,Other,"30.015239,-97.306229",Rub snout against small cabin,,0,0,NS
10/28/22,10:24:51,Pixie,No Value,Yawn.not.contaig,Anxious,"30.015205,-97.306193",,,0,0,NS
10/28/22,10:25:52,Pixie,No Value,Nudge.ground,Activity,"30.015238,-97.306187",In big cabin,,0,0,NS
10/28/22,10:26:36 AM,George,"Dahlia, Raymond",Rest.proxim,Pro.social,"30.013162,-97.301968",,,0,1,AJ
10/28/22,10:26:37,Pixie,"Loretta, Hank, Willie, Kitty",Rest,Rest,"30.015139,-97.306159","Loretta, Hank, Willie, and Kitty in cabin",,0,0,NS
10/28/22,10:26:57 AM,Raymond,Molly,Rest.proxim,Pro.social,"30.015217,-97.306368",and george in cabin,,1,0,AJ
10/28/22,10:27:45,Kitty,No Value,Travel,Activity,"30.015418,-97.306053",,,1,0,NS
10/28/22,10:28:22,Kitty,No Value,Pee,Pee,"30.015117,-97.306200",,,0,0,NS
10/28/22,10:29:19,Kitty,No Value,Travel,Activity,"30.015097,-97.306223",,,0,0,NS
10/28/22,10:29:49,Kitty,No Value,Nudge.ground,Activity,"30.015116,-97.306263",,,0,0,NS
10/28/22,10:30:09,Kitty,No Value,Nudge.ground,Activity,"30.015167,-97.306350",Leaf,,0,0,NS
10/28/22,10:31:59,Kitty,No Value,Nudge.ground,Activity,"30.011401,-97.297656",Eating leaves,,0,0,NS
10/28/22,10:32:26 AM,Raymond,"Dahlia, George",Rest.proxim,Pro.social,"30.012028,-97.300607",In cabin,,0,1,AJ
10/28/22,10:32:43,Kitty,No Value,Grunt,Grunt,"30.015263,-97.306694",,,0,0,NS
10/28/22,10:33:07,Kitty,No Value,Travel,Activity,"30.015131,-97.306384",,,0,1,NS
10/28/22,10:33:27 AM,Willie,No Value,Rest,Rest,"30.015565,-97.306013","in big cabin with pixie, loretta and hank but in corner by himself ",,1,0,AJ
10/28/22,10:34:01,Hank,"Pixie, Loretta, Willie",Rest,Rest,"30.015195,-97.306412","Big cabin with Pixie, Loretta, Willie",,1,0,NS
10/28/22,10:34:52,Hank,No Value,Other,Other,"30.015011,-97.306163",Get up,,0,0,NS
10/28/22,10:35:11,Hank,No Value,Travel,Activity,"30.015231,-97.306107",,,0,0,NS
10/28/22,10:37:26,Hank,No Value,Drink,Drink,"30.020712,-97.308751",Puddle,,0,0,NS
10/28/22,10:37:53,Hank,No Value,Travel,Activity,"30.015189,-97.306170",,,0,0,NS
10/28/22,10:38:07,Hank,Pixie,Travel,Activity,"30.015184,-97.306152",Pixie follow,,0,0,NS
10/28/22,10:38:22 AM,Willie,No Value,Other,R.agg,"30.005320,-97.304505",stood up and loretta and molly started growling at him,,0,0,AJ
10/28/22,10:39:00,Hank,No Value,Sniff.obj,Activity,"30.015155,-97.306265",Ground,,0,1,NS
10/28/22,10:39:01 AM,Willie,No Value,Travel,Activity,"30.015315,-97.306039",left cabin,,0,1,AJ
10/28/22,10:39:42,Willie,No Value,Pee,Pee,"30.015149,-97.306266",,,1,0,NS
10/28/22,10:40:23 AM,Pixie,No Value,Travel,Activity,"30.015243,-97.306113",,,1,0,AJ
10/28/22,10:40:46,Willie,No Value,Travel,Activity,"30.015141,-97.306253",,,0,0,NS
10/28/22,10:41:49,Willie,No Value,Sniff.obj,Activity,"30.015187,-97.306267",Branch,,0,0,NS
10/28/22,10:42:04,Willie,Hank,Travel,Activity,"30.015227,-97.306250",Hank follow,,0,0,NS
10/28/22,10:42:08 AM,Pixie,No Value,Nudge.ground,Activity,"30.015192,-97.306316",dirt,,0,0,AJ
10/28/22,10:42:44 AM,Pixie,Hank,Get.disp,R.agg,"30.015089,-97.306135",,,0,0,AJ
10/28/22,10:43:05 AM,Pixie,No Value,Nudge.ground,Activity,"30.015118,-97.306742",hay,,0,0,AJ
10/28/22,10:43:16,Willie,No Value,Rub.face,Grooming,"30.017967,-97.307534",Rub head on branch,,0,0,NS
10/28/22,10:43:42 AM,Pixie,No Value,Other,Other,"30.014966,-97.307006",chewing on plastic bin,,0,0,AJ
10/28/22,10:43:45,Willie,No Value,Travel,Activity,"30.015076,-97.306509",,,0,0,NS
10/28/22,10:44:04,Willie,No Value,Sniff.obj,Activity,"30.015111,-97.306496",Hank and Pixie nearby,,0,1,NS
10/28/22,10:44:58 AM,Pixie,No Value,Yawn.not.contaig,Anxious,"30.013040,-97.306080",,,0,0,AJ
10/28/22,10:45:06 AM,Pixie,No Value,Travel,Activity,"30.015077,-97.306585",,,0,0,AJ
10/28/22,10:45:47,Loretta,No Value,Rest,Rest,"30.011753,-97.297445",Big cabin,,0,0,NS
10/28/22,10:46:16 AM,Pixie,No Value,Travel,Activity,"30.015063,-97.306515",,,0,1,AJ
10/28/22,10:46:54 AM,Hank,No Value,Other,Other,"30.010434,-97.305429",pushing hay around with snout in cabin,,1,0,AJ
10/28/22,10:47:52 AM,Hank,No Value,Rest,Rest,"30.016196,-97.306801","in big cabin with pixie , loretta and molly but in corner alone",,0,0,AJ
10/28/22,10:50:10,Loretta,No Value,Rest,Rest,"30.013022,-97.300708",,,0,1,NS
10/28/22,10:50:23,Molly,No Value,Rest,Rest,"30.011689,-97.297268",,,1,0,NS
10/28/22,10:52:23 AM,Hank,No Value,Rest,Rest,"30.012116,-97.300752",same as above,,0,1,AJ
10/28/22,10:52:38 AM,Loretta,No Value,Rest,Rest,"30.015157,-97.306208","in big cabin with hank, molly and pixie but not near any of them",,1,0,AJ
10/28/22,10:55:56,Molly,No Value,Rest,Rest,"30.015195,-97.306124",,,0,1,NS
10/28/22,10:56:28,Dahlia,"Raymond, Kitty, George",Rest.proxim,Pro.social,"30.015299,-97.306119","With Raymond, Kitty, and George",,1,0,NS
10/28/22,10:57:47 AM,Loretta,"Raymond, Kitty, George",Rest,Rest,"30.015399,-97.306181",same as above,,0,1,AJ
10/28/22,10:57:52 AM,Molly,No Value,Rest,Rest,"30.015399,-97.306181","in big cabin with hank, loretta and pixie but not near them ",,1,0,AJ
10/28/22,11:00:39,Dahlia,No Value,Rest.proxim,Pro.social,"30.020450,-97.308633",Raymond and Kitty exit,,0,0,NS
10/28/22,11:02:14,Dahlia,George,Grunt,Grunt,"30.017843,-97.305443",Grunt as George gets up,,0,1,NS
10/28/22,11:02:33,George,No Value,Other,Other,"30.015201,-97.306157",Get out of cabin,,1,0,NS
10/28/22,11:03:01,George,No Value,Travel,Activity,"30.015249,-97.306144",,,0,0,NS
10/28/22,11:03:07 AM,Molly,No Value,Rest,Rest,"30.015317,-97.306194","in big cabin with hank, loretta and pixie but not near them ",,0,1,AJ
10/28/22,11:03:21,George,No Value,Drink,Drink,"30.015271,-97.306070",Puddle,,0,0,NS
10/28/22,11:03:41 AM,Kitty,No Value,Other,Other,"30.004334,-97.304324",scratching face on cabin,,1,0,AJ
10/28/22,11:03:43,George,No Value,Travel,Activity,"30.015182,-97.306135",,,0,0,NS
10/28/22,11:03:53,George,No Value,Pee,Pee,"30.015250,-97.306103",,,0,0,NS
10/28/22,11:04:17 AM,Kitty,No Value,Sniff.obj,Activity,"30.015265,-97.306237",blue ball,,0,0,AJ
10/28/22,11:05:30 AM,Kitty,No Value,Other,Other,"30.015319,-97.306245",scratching on cabin,,0,0,AJ
10/28/22,11:05:53,George,No Value,Travel,Activity,"30.019407,-97.308133",,,0,0,NS
10/28/22,11:06:02,George,Pixie,Sniff.consp,Pro.social,"30.015243,-97.306236",Sniff pixie,,0,0,NS
10/28/22,11:06:25 AM,Kitty,No Value,Travel,Activity,"30.015232,-97.306153",went back in cabin,,0,0,AJ
10/28/22,11:06:35,George,No Value,Other,Other,"30.015239,-97.306177",Rub head on cabin,,0,0,NS
10/28/22,11:07:09,George,Pixie,Other,Other,"30.015260,-97.306240",Walking as Pixie squeals at him. Ignoring her,,0,0,NS
10/28/22,11:07:42 AM,Kitty,No Value,Sniff.obj,Activity,"30.013017,-97.305784",hay,,0,0,AJ
10/28/22,11:07:48,George,No Value,Travel,Activity,"30.015217,-97.306137",,,0,0,NS
10/28/22,11:08:08,George,Pixie,Travel,Activity,"30.015155,-97.306227",Pixie follow,,0,1,NS
10/28/22,11:08:59 AM,Kitty,No Value,Rest,Rest,"30.015195,-97.306231",in cabin,,0,1,AJ
11/4/22,9:09:51,Atlas,No Value,Nudge.ground,Activity,"30.015029,-97.307337",,,1,0,NS
11/4/22,9:10:58 AM,Thomas,No Value,Rest,Rest,"30.014254,-97.306181",,,1,0,AJ
11/4/22,9:12:36,Atlas,No Value,Grunt,Grunt,"30.015034,-97.307303",,,0,0,NS
11/4/22,9:12:40 AM,Thomas,No Value,Grunt,Grunt,"30.014544,-97.307650",,,0,0,AJ
11/4/22,9:12:46,Atlas,No Value,Nudge.ground,Activity,"30.015035,-97.307394",,,0,0,NS
11/4/22,9:12:47 AM,Thomas,No Value,Wag.tail,Wag.tail,"30.015002,-97.307102",,,0,0,AJ
11/4/22,9:13:01 AM,Thomas,No Value,Travel,Activity,"30.015012,-97.307373",,,0,0,AJ
11/4/22,9:13:05,Atlas,No Value,Sniff.obj,Activity,"30.015034,-97.307303",Branch,,0,0,NS
11/4/22,9:13:52,Atlas,No Value,Nudge.ground,Activity,"30.015084,-97.307391",Dirt,,0,0,NS
11/4/22,9:13:53 AM,Thomas,No Value,Nudge.ground,Activity,"30.014780,-97.307388",dirt,,0,0,AJ
11/4/22,9:15:07,Atlas,No Value,Nudge.ground,Activity,"30.015034,-97.307303",,,0,1,NS
11/4/22,9:15:46,Dora,Unknown,Nudge.ground,Activity,"30.015017,-97.307387",Black and white marbled pig with tusks,,0,0,NS
11/4/22,9:15:50 AM,Thomas,No Value,Grunt,Grunt,"30.011017,-97.305737",,,0,0,AJ
11/4/22,9:16:23 AM,Thomas,No Value,Nudge.ground,Activity,"30.014632,-97.307347",dirt,,0,1,AJ
11/4/22,9:16:25,Dora,NS,Approach.obs,Pro.social,"30.014891,-97.307402","Follow NS, grunting ",,0,0,NS
11/4/22,9:16:44,Dora,No Value,Grunt,Grunt,"30.014828,-97.307463",,,0,0,NS
11/4/22,9:17:27,Dora,No Value,Nudge.ground,Activity,"30.014832,-97.307458",,,0,0,NS
11/4/22,9:18:15,Dora,NS,Approach.obs,Pro.social,"30.015034,-97.307303",Follow NS,,0,0,NS
11/4/22,9:18:30,Dora,No Value,Poop,Poop,"30.014857,-97.307290",,,0,0,NS
11/4/22,9:18:47,Dora,No Value,Grunt,Grunt,"30.014864,-97.307299",,,0,0,NS
11/4/22,9:19:00,Dora,No Value,Other,Other,"30.014886,-97.307298",Rub face against fence,,0,0,NS
11/4/22,9:19:20,Dora,No Value,Other,Other,"30.015034,-97.307303",Stick snout outside fence,,0,0,NS
11/4/22,9:19:46,Dora,No Value,Grunt,Grunt,"30.015034,-97.307303",,,0,0,NS
11/4/22,9:19:57,Dora,No Value,Other,Other,"30.014956,-97.307286",Follow NS,,0,0,NS
11/4/22,9:20:11,Dora,No Value,Nudge.ground,Activity,"30.014919,-97.307314",,,0,0,NS
11/4/22,9:20:22,Dora,NS,Follow,Pro.social,"30.014969,-97.307276",Follow NS,,0,0,NS
11/4/22,9:20:49,Dora,No Value,Nudge.ground,Activity,"30.014966,-97.307216",,,0,1,NS
11/4/22,9:21:39,Bates,No Value,Nudge.ground,Activity,"30.015034,-97.307303",,,1,0,NS
11/4/22,9:21:51,Bates,No Value,Other,Other,"30.014816,-97.307521",Shake off,,0,0,NS
11/4/22,9:21:59,Bates,No Value,Nudge.ground,Activity,"30.014825,-97.307529",,,0,0,NS
11/4/22,9:22:15,Bates,No Value,Wag.tail,Wag.tail,"30.014810,-97.307553",,,0,0,NS
11/4/22,9:22:22,Bates,No Value,Nudge.ground,Activity,"30.014747,-97.307540",,,0,0,NS
11/4/22,9:23:16 AM,Atlas,"Dora, Thomas",Nudge.ground,Activity,"30.014799,-97.307391",probably dirt,,1,0,AJ
11/4/22,9:25:55 AM,Atlas,No Value,Travel,Activity,"30.014899,-97.307468",,,0,0,AJ
11/4/22,9:26:37,Bates,No Value,Grunt,Grunt,"30.014629,-97.307572",,,0,1,NS
11/4/22,9:27:24 AM,Atlas,No Value,Rest,Rest,"30.015421,-97.307632",laying down in pen,,0,0,AJ
11/4/22,9:28:55 AM,Atlas,No Value,Rest,Rest,"30.014591,-97.307326",,,0,1,AJ
11/4/22,9:31:08 AM,Bates,No Value,Nudge.ground,Activity,"30.015012,-97.306874",,,1,0,AJ
11/4/22,9:31:46,Horatio,No Value,Nudge.ground,Activity,"30.015034,-97.307303",,,1,0,NS
11/4/22,9:31:56,Horatio,No Value,Wag.tail,Wag.tail,"30.014691,-97.307507",,,0,0,NS
11/4/22,9:32:00 AM,Bates,No Value,Wag.tail,Wag.tail,"30.014729,-97.307528",,,0,0,AJ
11/4/22,9:32:09,Horatio,No Value,Nudge.ground,Activity,"30.014709,-97.307477",Dirt,,0,0,NS
11/4/22,9:32:55,Horatio,No Value,Travel,Activity,"30.015034,-97.307303",,,0,0,NS
11/4/22,9:34:50,Horatio,No Value,Other,Other,"30.015034,-97.307303",Nesting,,0,0,NS
11/4/22,9:35:00,Horatio,Unknown,Rest.proxim,Pro.social,"30.014670,-97.307511",Black pig with tusks (pic),,0,0,NS
11/4/22,9:36:30 AM,Bates,No Value,Nudge.ground,Activity,"30.019615,-97.306688",,,0,1,AJ
11/4/22,9:36:51 AM,Imogen,No Value,Sniff.consp,Pro.social,"30.014747,-97.307411",sniffing a small grey pig not in study,,1,0,AJ
11/4/22,9:36:59,Horatio,No Value,Rest.proxim,Pro.social,"30.015034,-97.307303",Black pig with tusks (pic),,0,1,NS
11/4/22,9:37:15 AM,Imogen,No Value,Wag.tail,Wag.tail,"30.014834,-97.307407",,,0,0,AJ
11/4/22,9:37:29 AM,Imogen,Dora,Snout.touch,Pro.social,"30.014742,-97.307484",,,0,0,AJ
11/4/22,9:38:42 AM,Imogen,No Value,Rest,Rest,"30.014754,-97.307500",,,0,0,AJ
11/4/22,9:38:43,Thomas,No Value,Nudge.ground,Activity,"30.015034,-97.307303",,,1,0,NS
11/4/22,9:42:40 AM,Imogen,No Value,Rest,Rest,"30.014824,-97.307391",,,0,1,AJ
11/4/22,9:42:57 AM,Dora,No Value,Nudge.ground,Activity,"30.014813,-97.307551",dirt,,1,0,AJ
11/4/22,9:43:19 AM,Dora,No Value,Grunt,Grunt,"30.014976,-97.307237",,,0,0,AJ
11/4/22,9:43:30,Thomas,No Value,Drink,Drink,"30.015034,-97.307303",From water container,,0,1,NS
11/4/22,9:48:12 AM,Dora,Horatio,Sniff.consp,Pro.social,"30.019397,-97.306711",sniffing each other,,0,1,AJ
11/4/22,9:48:38,Imogen,No Value,Rest,Rest,"30.015034,-97.307303",,,1,0,NS
11/4/22,9:50:31 AM,Horatio,Other,Rest.proxim,Pro.social,"30.015012,-97.306874",oreo pig not in study,,1,0,AJ
11/4/22,9:53:28,Imogen,No Value,Other,Other,"30.015034,-97.307303",Get up and shake off,,0,0,NS
11/4/22,9:53:39,Imogen,No Value,Wag.tail,Wag.tail,"30.014807,-97.307467",,,0,1,NS
11/4/22,9:55:10,Wilbur,Unknown,Rest.proxim,Pro.social,"30.015034,-97.307303",Pic,,1,0,NS
11/4/22,9:56:05,Wilbur,No Value,Other,Other,"30.015034,-97.307303",Repeatedly opening and closing mouth (chewing?),,0,0,NS
11/4/22,9:56:35 AM,Horatio,No Value,Rest,Rest,"30.014776,-97.307477",same as above,,0,1,AJ
11/4/22,9:56:45,Wilbur,No Value,Rest.proxim,Pro.social,"30.014699,-97.307376",,,0,0,NS
11/4/22,9:57:15,Wilbur,No Value,Other,Other,"30.015034,-97.307303",Get up when AJ looked inside to see which pigs were in cabin,,0,0,NS
11/4/22,9:57:46,Wilbur,No Value,Yawn.not.contaig,Anxious,"30.014707,-97.307423",,,0,0,NS
11/4/22,9:58:29,Wilbur,No Value,Rest,Rest,"30.015034,-97.307303",,,0,0,NS
11/4/22,9:59:09 AM,Bianca,No Value,Sniff.obj,Activity,"30.014638,-97.307840",a stick,,1,0,AJ
11/4/22,9:59:32 AM,Bianca,No Value,Rest,Rest,"30.014560,-97.307558",in forest area,,0,0,AJ
11/4/22,10:00:41,Wilbur,No Value,Rest,Rest,"30.015034,-97.307303",,,0,1,NS
11/4/22,10:01:47,Eleanor,Unknown,Rest.proxim,Pro.social,"30.015034,-97.307303",Pink pigs (pic),,1,0,NS
11/4/22,10:02:20,Eleanor,No Value,Grunt,Grunt,"30.015034,-97.307303",,,0,0,NS
11/4/22,10:02:31,Eleanor,No Value,Wag.tail,Wag.tail,"30.014762,-97.307504",,,0,0,NS
11/4/22,10:02:40,Eleanor,No Value,Rest.proxim,Pro.social,"30.014682,-97.307530",Pink pigs (pic),,0,0,NS
11/4/22,10:04:18,Eleanor,No Value,Grunt,Grunt,"30.015034,-97.307303",,,0,0,NS
11/4/22,10:04:49 AM,Bianca,No Value,Rest,Rest,"30.018092,-97.306831",,,0,1,AJ
11/4/22,10:05:00 AM,Wilbur,No Value,Rest,Rest,"30.014790,-97.306728",,,1,0,AJ
11/4/22,10:05:23,Eleanor,No Value,Other,Other,"30.014670,-97.307656",Get up wagging tails and grunting,,0,0,NS
11/4/22,10:05:56,Eleanor,No Value,Grunt,Grunt,"30.015034,-97.307303",,,0,0,NS
11/4/22,10:06:02,Eleanor,No Value,Nudge.ground,Activity,"30.014748,-97.307556",,,0,0,NS
11/4/22,10:06:36,Eleanor,No Value,Wag.tail,Wag.tail,"30.014719,-97.307530",,,0,1,NS
11/4/22,10:07:40,Bianca,No Value,Rest,Rest,"30.015034,-97.307303",,,1,0,NS
11/4/22,10:08:03 AM,Wilbur,No Value,Travel,Activity,"30.014672,-97.307782",,,0,0,AJ
11/4/22,10:08:32 AM,Wilbur,No Value,Wag.tail,Wag.tail,"30.014766,-97.307444",,,0,0,AJ
11/4/22,10:08:41 AM,Wilbur,No Value,Nudge.ground,Activity,"30.014654,-97.307268",,,0,0,AJ
11/4/22,10:09:55 AM,Wilbur,No Value,Travel,Activity,"30.014541,-97.307508",,,0,0,AJ
11/4/22,10:10:17 AM,Wilbur,No Value,Wag.tail,Wag.tail,"30.014756,-97.307286",,,0,1,AJ
11/4/22,10:10:50 AM,Eleanor,No Value,Nudge.ground,Activity,"30.014736,-97.307658",dirt,,1,0,AJ
11/4/22,10:11:13 AM,Eleanor,No Value,Wag.tail,Wag.tail,"30.014703,-97.307420",,,0,0,AJ
11/4/22,10:12:53,Bianca,No Value,Rest,Rest,"30.015034,-97.307303",,,0,1,NS
11/4/22,10:16:10 AM,Eleanor,No Value,Nudge.ground,Activity,"30.017575,-97.306973",,,0,1,AJ
11/4/22,10:17:37 AM,Georgie,No Value,Yawn,Anxious,"30.014280,-97.304679",,,1,0,AJ
11/4/22,10:17:55,Rebel,Unknown,Rest.proxim,Pro.social,"30.015347,-97.307911",With Georgie and other grey splotch pig,,1,0,NS
11/4/22,10:18:31,Rebel,No Value,Squeal,Anxious,"30.015034,-97.307303",,,0,0,NS
11/4/22,10:18:48 AM,Georgie,Rebel,Squeal,Anxious,"30.015088,-97.307855",,,0,0,AJ
11/4/22,10:19:11,Rebel,No Value,Nudge.ground,Activity,"30.015034,-97.307303",,,0,0,NS
11/4/22,10:19:28,Rebel,No Value,Rest,Rest,"30.015034,-97.307303",,,0,0,NS
11/4/22,10:19:48 AM,Georgie,No Value,Rest,Rest,"30.014705,-97.307448",in cabin with rebel and some other gray spotted pigs,,0,0,AJ
11/4/22,10:20:42,Rebel,No Value,Yawn.not.contaig,Anxious,"30.015034,-97.307303",,,0,0,NS
11/4/22,10:23:05,Rebel,No Value,Rest,Rest,"30.015034,-97.307303",,,0,1,NS
11/4/22,10:23:14 AM,Georgie,No Value,Rest,Rest,"30.012372,-97.300494",in cabin with rebel and some other gray spotted pigs,,0,1,AJ
11/4/22,10:23:22,Georgie,"Rebel, Other",Rest.proxim,Pro.social,"30.015034,-97.307303",Rebel and other spotted pig,,1,0,NS
11/4/22,10:23:29 AM,Rebel,George,Rest,Rest,"30.014725,-97.307450",in cabin with georgie,,1,0,AJ
11/4/22,10:27:16 AM,Rebel,No Value,Other,Other,"30.014987,-97.307464",stood up,,0,0,AJ
11/4/22,10:27:39 AM,Rebel,No Value,Grunt,Grunt,"30.014781,-97.307732",,,0,0,AJ
11/4/22,10:28:27 AM,Rebel,No Value,Wag.tail,Wag.tail,"30.014706,-97.307531",,,0,0,AJ
11/4/22,10:28:42,Georgie,No Value,Rest.proxim,Pro.social,"30.015034,-97.307303",,,0,1,NS
11/4/22,10:28:47 AM,Rebel,No Value,Rest,Rest,"30.014867,-97.307654",,,0,1,AJ
11/4/22,10:35:53,Pixie,No Value,Nudge.ground,Activity,"30.015034,-97.307303",,,1,0,NS
11/4/22,10:35:54 AM,Dahlia,Pixie,Nudge.ground,Activity,"30.011743,-97.299851",,,1,0,AJ
11/4/22,10:37:10,Pixie,No Value,Travel,Activity,"30.015117,-97.306578",,,0,0,NS
11/4/22,10:37:19,Pixie,No Value,Drink,Drink,"30.015163,-97.306485",From trough,,0,0,NS
11/4/22,10:37:22 AM,Dahlia,No Value,Travel,Activity,"30.013564,-97.304223",,,0,0,AJ
11/4/22,10:38:00,Pixie,No Value,Other,Other,"30.015187,-97.306474",Play in water,,0,0,NS
11/4/22,10:38:26,Pixie,No Value,Rest,Rest,"30.015195,-97.306497",In water,,0,0,NS
11/4/22,10:39:19 AM,Dahlia,No Value,Nudge.ground,Activity,"30.015085,-97.306462",dirt,,0,0,AJ
11/4/22,10:39:27,Pixie,No Value,Drink,Drink,"30.015273,-97.306565",From trough,,0,0,NS
11/4/22,10:39:46,Pixie,No Value,Travel,Activity,"30.015106,-97.306538",,,0,0,NS
11/4/22,10:39:59,Pixie,No Value,Nudge.ground,Activity,"30.015216,-97.306549",,,0,0,NS
11/4/22,10:40:48 AM,Dahlia,No Value,Grunt,Grunt,"30.015108,-97.306622",,,0,0,AJ
11/4/22,10:41:07,Pixie,No Value,Nudge.ground,Activity,"30.014917,-97.306511",,,0,1,NS
11/4/22,10:41:20,Willie,Hank,Rest.proxim,Pro.social,"30.015054,-97.306531",,,1,0,NS
11/4/22,10:41:25 AM,Dahlia,No Value,Nudge.ground,Activity,"30.014976,-97.306501",dirt,,0,1,AJ
11/4/22,10:41:52 AM,Kitty,No Value,Nudge.ground,Activity,"30.015120,-97.306547",,,1,0,AJ
11/4/22,10:43:11 AM,Kitty,No Value,Pee,Pee,"30.015012,-97.306874",,,0,0,AJ
11/4/22,10:46:35,Willie,Hank,Rest.proxim,Pro.social,"30.015036,-97.306497",,,0,1,NS
11/4/22,10:46:45,Dahlia,No Value,Nudge.ground,Activity,"30.015052,-97.306503",,,0,0,NS
11/4/22,10:47:00 AM,Kitty,No Value,Nudge.ground,Activity,"30.016060,-97.303499",dirt,,0,1,AJ
11/4/22,10:47:18 AM,Willie,Raymond,Rest.proxim,Pro.social,"30.015012,-97.306874",,,1,0,AJ
11/4/22,10:47:22,Dahlia,No Value,Wag.tail,Wag.tail,"30.015095,-97.306619",,,0,0,NS
11/4/22,10:47:38,Dahlia,No Value,Nudge.ground,Activity,"30.015095,-97.306565",Dirt,,0,0,NS
11/4/22,10:51:57,Dahlia,No Value,Nudge.ground,Activity,"30.015075,-97.306468",,,0,1,NS
11/4/22,10:52:08,Kitty,No Value,Travel,Activity,"30.015068,-97.306509",,,1,0,NS
11/4/22,10:52:20,Kitty,Hank,Sniff.consp,Pro.social,"30.015031,-97.306496",Sniff Hank,,0,0,NS
11/4/22,10:52:24 AM,Willie,Raymond,Rest.proxim,Pro.social,"30.016348,-97.304765",,,0,1,AJ
11/4/22,10:52:50 AM,Pixie,Kitty,Get.disp,R.agg,"30.015108,-97.306814",,,1,0,AJ
11/4/22,10:52:54,Kitty,Pixie,Attempt.disp,G.agg,"30.015001,-97.306489",Displaced Pixie,,0,0,NS
11/4/22,10:53:19 AM,Pixie,No Value,Nudge.ground,Activity,"30.015012,-97.306874",,,0,0,AJ
11/4/22,10:54:10,Kitty,No Value,Nudge.ground,Activity,"30.014933,-97.306551",Dirt,,0,0,NS
11/4/22,10:56:17,Kitty,Dahlia,Get.disp,R.agg,"30.014772,-97.306467",,,0,0,NS
11/4/22,10:56:41 AM,Pixie,Kitty,Get.disp,R.agg,"30.014762,-97.306515",,,0,0,AJ
11/4/22,10:56:57,Kitty,No Value,Nudge.ground,Activity,"30.014861,-97.306550",With Dahlia and Pixie nearby,,0,0,NS
11/4/22,10:57:38 AM,Pixie,No Value,Travel,Activity,"30.014850,-97.306550",,,0,0,AJ
11/4/22,10:58:12,Kitty,No Value,Nudge.ground,Activity,"30.014856,-97.306525",,,0,1,NS
11/4/22,10:58:16 AM,Pixie,No Value,Nudge.ground,Activity,"30.015012,-97.306874",dirt,,0,1,AJ
11/4/22,10:58:34,Loretta,No Value,Rest,Rest,"30.014865,-97.306588",,,1,1,NS
11/4/22,10:58:42 AM,Hank,Willie,Rest.proxim,Pro.social,"30.014752,-97.306547",,,1,0,AJ
11/4/22,11:03:54,Loretta,No Value,Rest,Rest,"30.014891,-97.306584",,,0,1,NS
11/4/22,11:04:11 AM,Hank,Willie,Rest.proxim,Pro.social,"30.002325,-97.306807",,,0,1,AJ
11/4/22,11:04:25,Hank,Willie,Rest.proxim,Pro.social,"30.014910,-97.306558",,,1,0,NS
11/4/22,11:04:25 AM,Loretta,No Value,Rest,Rest,"30.015002,-97.306647",,,1,0,AJ
11/4/22,11:09:42,Hank,No Value,Rest,Rest,"30.015034,-97.307303",,,0,1,NS
11/4/22,11:09:45 AM,Loretta,No Value,Rest,Rest,"30.014986,-97.306509",,,0,1,AJ
11/4/22,11:11:18,Raymond,George,Rest,Rest,"30.015073,-97.306644",In puddle,,1,0,NS
11/4/22,11:11:25 AM,George,Raymond,Rest.proxim,Pro.social,"30.007681,-97.304215",in a puddle,,1,0,AJ
11/4/22,11:12:15,Raymond,No Value,Grunt,Grunt,"30.014658,-97.306215",,,0,0,NS
11/4/22,11:14:19 AM,George,No Value,Grunt,Grunt,"30.014896,-97.306494",,,0,0,AJ
11/4/22,11:14:25,Raymond,No Value,Drink,Drink,"30.014616,-97.306229",In puddle,,0,0,NS
11/4/22,11:16:29,Raymond,No Value,Drink,Drink,"30.014644,-97.306114",From puddle,,0,1,NS
11/4/22,11:16:48 AM,George,No Value,Drink,Drink,"30.012772,-97.305672",while laying in puddle,,0,1,AJ
11/4/22,11:17:13,George,No Value,Drink,Drink,"30.014713,-97.306276",,,1,0,NS
11/4/22,11:17:26 AM,Hank,George,Rest,Rest,"30.014743,-97.306320",in a puddle,,1,0,AJ
11/4/22,11:17:43 AM,Hank,No Value,Grunt,Grunt,"30.014707,-97.306157",,,0,0,AJ
11/4/22,11:17:53,George,Raymond,Rest,Rest,"30.014714,-97.306201",,,0,0,NS
11/4/22,11:18:55,George,No Value,Nudge.ground,Activity,"30.014709,-97.306263",Leaf,,0,0,NS
11/4/22,11:20:07,George,No Value,Drink,Drink,"30.014655,-97.306324",From puddle,,0,0,NS
11/4/22,11:21:07 AM,Hank,No Value,Grunt,Grunt,"30.014663,-97.306212",,,0,0,AJ
11/4/22,11:22:27,George,No Value,Drink,Drink,"30.014719,-97.306256",From puddle,,0,1,NS
11/4/22,11:22:41 AM,Hank,No Value,Drink,Drink,"30.014705,-97.306199",,,0,1,AJ
11/4/22,11:24:11 AM,Molly,No Value,Rest,Rest,"30.004370,-97.303145",,,1,0,AJ
11/4/22,11:24:49 AM,Molly,No Value,Grunt,Grunt,"30.004464,-97.303184",,,0,0,AJ
11/4/22,11:25:03 AM,Molly,No Value,Yawn.not.contaig,Anxious,"30.015115,-97.305755",,,0,0,AJ
11/4/22,11:26:32 AM,Molly,No Value,Travel,Activity,"30.015075,-97.305764",,,0,0,AJ
11/4/22,11:26:57 AM,Molly,No Value,Rub.face,Grooming,"30.014899,-97.305863",scratched on tree,,0,0,AJ
11/4/22,11:28:47 AM,Molly,No Value,Travel,Activity,"30.006869,-97.303873",,,0,0,AJ
11/4/22,11:28:56 AM,Molly,No Value,Grunt,Grunt,"30.014831,-97.305787",,,0,0,AJ
11/4/22,11:29:27 AM,Molly,Kitty,Grunt,Grunt,"30.014847,-97.305797",,,0,1,AJ
11/4/22,11:29:30,Molly,Kitty,Grunt,Grunt,"30.014809,-97.305763",,,1,0,NS
11/4/22,11:29:54,Molly,No Value,Travel,Activity,"30.014766,-97.305774",,,0,0,NS
11/4/22,11:30:50,Molly,No Value,Other,Other,"30.014718,-97.305752",Look out fence,,0,0,NS
11/4/22,11:31:20,Molly,No Value,Nudge.ground,Activity,"30.014679,-97.305882",,,0,0,NS
11/4/22,11:31:25,Molly,No Value,Travel,Activity,"30.014614,-97.305835",,,0,0,NS
11/4/22,11:31:44,Molly,AJ,Approach.obs,Pro.social,"30.014608,-97.305829",Approach AJ,,0,0,NS
11/4/22,11:32:15,Molly,Pixie,Grunt,Grunt,"30.014648,-97.305860",,,0,0,NS
11/4/22,11:32:30,Molly,No Value,Rub.face,Grooming,"30.014614,-97.305998",Rub body against tree,,0,0,NS
11/4/22,11:32:53,Molly,No Value,Nudge.ground,Activity,"30.014614,-97.305953",,,0,0,NS
11/4/22,11:33:39,Molly,No Value,Travel,Activity,"30.014532,-97.305957",,,0,0,NS
11/4/22,11:33:47,Molly,No Value,Nudge.ground,Activity,"30.014593,-97.305950",Dirt,,0,0,NS
11/4/22,11:34:50,Molly,"Pixie, Kitty",Nudge.ground,Activity,"30.014572,-97.305959",With Pixie and Kitty,,0,1,NS